Kata,Bobot
zuhud,-1
ziarah,-4
zero,-3
zat pemabuk,-3
zalim,-5
zakar,-3
yuwaraja,-4
yunior,-4
yodah,-2
yg tuan,-3
yg dipertuan,-3
yelah,-3
yaudh,-3
yaudahlah,-3
yaudah,-4
yauda,-4
yaoi,-5
yampun,-3
yalord,-2
yakali,-3
yahhh,-3
yaahh,-3
xx,-1
wreda,-4
wimana,-4
welas,-3
wejangan,-3
wejang,-3
week,-4
wedus,-3
wawa,-3
watu,-3
waswas,-3
waspada,-3
wasit,-3
warta,-3
warita,-4
waris,-2
wara-wara,-3
waras,-3
wara,-3
wangsit,-3
walang hati,-5
waham,-3
wafat,-5
waduk,-3
waduh,-3
wacana,-3
wabah,-5
vulgar,-3
vital,-4
vibrasi,-3
vampir,-5
validitas,-3
vakum,-3
vagina,-4
uyuh,-3
utang,-4
usul,-3
usrek,-5
usir,-4
usil,-3
usikan,-5
usang,-5
usak,-3
usai,-2
urut-urutan,-4
urung,-5
urun,-4
urita,-3
urit,-3
uring-uringan,-5
urgen,-4
uras,-5
unting,-5
unmood,-3
unjuk rasa,-3
unjuk,-3
unit,-4
ungkap,-3
unfollow,-2
undian,-5
unam,-3
umbul-umbul,-3
umbar,-3
uler,-3
ulasan pers,-3
ulam-ulam,-5
ukir,-5
ujung tangan,-4
ujar,-4
ugh,-4
ugal-ugalan,-2
udi,-5
udeh,-3
udahan,-4
uci-uci,-4
ucek,-3
uber,-3
uar-uar,-3
uar,-3
ua,-4
typonya,-3
typo,-2
tuyul,-4
tutur,-4
tutup,-2
tusuk,-4
turut,-3
tupai,-5
tuntut,-3
tunjangan,-3
tungku,-4
tunggul,-3
tunggang,-1
tunggakan,-4
tunduk,-5
tunasusila,-5
tunas,-2
tun,-4
tumpur,-5
tumpul,-3
tumpuk,-4
tumpuan,-3
tumpu,-3
tumpat,-4
tumpasan,-5
tumpas,-4
tumor,-4
tumbuk,-3
tumben,-2
tumbang,-5
tumandang,-3
tulus hati,-1
tulup,-3
tuli,-3
tular,-4
tulang,-4
tulah,-3
tukas,-5
tuil,-3
tuhmah,-3
tuhkan,-4
tugal,-4
tubuh,-4
tubruk,-3
tuas,-3
tuak,-3
tuah,-3
tt,-2
tresna,-1
trek,-3
trayek,-4
travesti,-5
traumatis,-4
trauma,-5
tragedi,-5
tosan aji,-4
topo,-5
topek,-4
topan,-3
tonton,-4
tonjok,-5
tongong,-3
tolong,-2
tolol,-5
tolak,-4
toboh,-4
tobak,-3
tkde,-1
titisan darah,-3
titip api,-1
titik berat,-3
titian,-4
titi,-3
tiri,-2
tipu muslihat,-5
tipeks,-3
tinju,-5
tinja,-5
tingkeb,-3
tingkah,-5
tinggikan,-2
tinggalkan,-3
tinggal,-3
tingau,-4
tindik,-3
tindih,-4
tindas,-5
timpuk,-5
timpang,-4
timpa,-3
timburu,-5
timbun,-3
timbangan,-5
timbalan,-2
timbal,-2
timang,-1
tilas,-3
tilap,-4
tilam,-4
tike,-3
tikai,-4
tidurin,-2
tiduran,-2
tidur,-3
tidak,-3
tiada,-5
tewas,-5
tetua,-2
tetiba,-3
tetesan darah,-3
tetes,-3
tetek,-4
tetas,-4
tetap hati,-1
tesis,-3
terzalimi,-5
terungkap,-3
terudak,-3
tertutup,-5
tertunda,-3
tertumbuk akal,-5
tertumbuk,-4
tertular,-4
tertulang,-5
tertuju,-3
tertubruk,-4
tertinggal,-3
tertindas,-5
tertib,-2
tertenung,-3
tertegun,-3
tertegak,-4
tertawan,-3
tertata,-4
tertangkap tangan,-4
tertangkap basah,-3
tertanggung,-4
tertangguh,-3
tertancap,-3
tertanam,-5
tertabrak,-4
tersusul,-3
tersuruk,-5
tersuntuk,-4
tersungkap,-3
tersumbat,-5
tersohor,-1
tersisih,-5
tersirep,-3
tersirap hatinya,-2
tersirah,-5
tersingkir,-5
tersingkap,-3
tersinggung,-5
tersimbah,-5
tersila,-3
tersiksa,-5
tersia-sia,-3
tersiar,-3
terseret,-3
terserak,-3
terserah,-3
tersentuh (perasaan),-1
tersentuh,-2
tersengut-sengut,-5
tersengal-sengal,-4
terselusur,-3
terselulur,-2
terselubung,-5
terselip,-3
terselak,-3
tersekat,-5
tersayat,-5
tersara bara,-5
tersapu,-3
tersantet,-3
tersangkut,-3
tersampuk,-4
tersaku,-3
terror,-5
terpuruk,-4
terpulang,-3
terpukul,-4
terpukau,-1
terpotong,-3
terpojok,-4
terpisah,-5
terpesona,-1
terperuk,-4
terperosok,-5
terperenyak,-4
terperengah,-3
terperanjat,-3
terpengaruh,-4
terpendam,-5
terpencil,-5
terpeleset,-4
terpelekok,-3
terpelecok,-3
terpelanting,-3
terpaut,-4
terpangah,-4
terpancang,-3
terpana,-2
terpalit-palit,-3
terpaku,-3
terpaksa,-4
terpacul,-4
terpacak,-3
terpa,-4
terowongan,-4
teror,-5
ternoda,-5
termuat,-3
terminasi,-3
terlulur,-3
terluka,-5
terluang,-3
terlewat,-3
terlepas,-5
terlengar,-4
terlanjur,-3
terlangkaui,-5
terlanggar,-4
terlangah,-3
terlampau,-5
terlalu,-3
terlalaikan,-3
terlalah,-5
terkutuk,-5
terkuak,-5
terkocok,-3
terkilir,-3
terkikis,-3
terkesima,-1
terkencar-kencar,-4
terkelik,-3
terkejar,-5
terkapah-kapah,-2
terkam,-4
terkait,-3
terka,-1
terjungkal,-5
terjun,-3
terjumpa,-4
terjerumus,-4
terjerohok,-4
terjerembab,-2
terjepit,-4
terjengkang,-5
terjeblos,-4
terjang,-3
terisolasi,-3
teriris,-5
teriakan,-4
teriak,-2
terhunjam,-3
terhindar,-4
terhina direndahkan,-3
terhenti,-3
terhempas,-5
terhambat,-4
terhalang,-3
terguncang,-3
tergulir,-3
terguling,-3
tergolong,-3
tergemap,-3
tergeluncur,-3
tergelingsir,-3
tergelincir,-3
tergelicik,-3
tergeliat,-3
tergeleng-geleng,-3
tergelecik,-4
terganjal,-4
tergambar,-3
tergamak,-4
terempas,-5
terekspos,-4
terdesak,-4
terderita,-4
terdedah,-3
terdampar,-5
tercerai,-3
tercengung,-3
tercengang-cengang,-3
tercengang,-2
tercemplung,-4
tercemas,-3
tercelampak,-5
tercela,-4
tercekluk,-3
tercecer,-3
tercebur,-5
tercantol,-3
tercampak,-5
terburu,-3
terbuni,-5
terbuka (mata),-3
terbuka,-3
terbuang,-2
terbongkar,-3
terbiar,-3
terbesit,-2
terberak,-5
terbentur,-4
terbenam,-5
terbelakang,-3
terbanting,-3
terbangai,-3
terbang pikiran,-4
terbang arwah,-4
terban,-4
terbalik akal,-4
terbakar,-5
teratur,-4
terasing,-5
teraniaya,-4
terang akal,-4
terang,-3
terampil,-3
terambau,-5
teralienasi,-3
terali,-4
terajang,-3
terajam,-4
teragung,-4
teraduk,-3
terabai,-3
tepu,-3
tepian mata,-3
tepi,-4
teperlus,-4
tepergok,-5
teologis,-4
tentu,-3
tentangan,-2
tentang,-2
tensi,-4
tengok,-2
tengkulak,-5
tengku,-4
tengkoh,-3
tengkingan,-5
tengking,-5
tengkar,-4
tenggelem,-3
tenggarang,-4
tenggang,-4
tenggan,-3
tenggalam,-3
tenggak,-3
tengak,-4
tendensi,-3
tendas,-4
tendang,-3
tenang,-1
temporer,-4
tempo,-4
tempik,-4
tempelak,-5
tembok,-1
tembis,-3
tembelang,-5
tembam,-4
tembak-menembak,-5
tembakau,-3
tembak,-5
teliti waskita,-3
telinga merah,-3
telimpuh,-3
telik,-2
teles,-4
telerang,-3
teledor,-5
telat,-5
telantar,-4
telan,-5
telak,-3
teladan,-3
telaah,-2
tekuk lutut,-3
teks,-3
teknik,-4
tekek,-3
tekanan mental,-4
tekanan,-3
tekan mental,-4
tekan,-3
tekak,-5
tekad,-3
teguran,-3
tegur ajar,-5
tegur,-3
tegun,-3
tegar,-4
teganya,-4
tegal,-4
tega,-5
tedak,-4
tebat,-3
tebaran,-3
tebal telinga,-3
tebal hati,-5
tbc,-3
tayibah,-1
tayib,-1
tawon,-3
tawar,-4
tauk,-3
tatak,-4
tatah-tatah,-5
tarung,-3
tarik napas habis,-5
tarik hati,-1
tarekat,-4
tarak,-3
taraf,-2
tapa-tapa,-3
tapak kaki,-3
tanya,-2
tanur,-4
tantang,-4
tangkis,-3
tangkas,-4
tangkapan,-3
tangkap tangan,-4
tangkap basah,-3
tangisan,-5
tangis,-5
tanggungan,-3
tanggung,-2
tanggul,-3
tangguh,-2
tanggal,-4
tangan panas,-4
tanduk,-2
tandanya,-2
tandang,-2
tanah tandus,-3
tampuk,-3
tampik,-4
tamparan,-3
tampak,-3
tambun,-3
tambeng,-5
tambatan hati,-2
tambat hati,-2
tambak,-5
tamat riwayatnya,-3
tamat riwayat,-3
tamat,-4
talun,-3
tali jantung,-3
talenan,-5
talas,-3
talak,-3
takut,-5
takul,-3
taksir,-1
takjub,-1
takda,-2
takaran,-5
tak segan,-1
tak bernyawa,-5
taji,-4
tajam,-2
tajak,-3
tais,-3
taik,-5
tai,-5
tahu,-4
tahi angin,-4
tahi,-5
tagut,-4
tagar,-3
tae,-4
taburan,-3
tabungan,-3
tabrak,-3
taat,-1
ta,-3
syur,-3
syedih,-5
syedi,-4
syak,-3
syair,-3
syahwat,-2
suudzon,-4
sutradara,-3
susut,-2
susur tangan,-3
susup,-2
susuk,-4
susuh,-4
susu,-4
suspend,-3
susila,-2
susahnya,-3
susah hati,-5
susah,-3
surut,-4
surup,-5
surih,-3
suri,-1
suratan takdir,-3
surat takdir,-3
suram,-5
surah,-4
suplai,-3
super,-2
supaya,-3
sunyi,-3
sunu,-2
suntuk,-4
suni,-4
sungkawa,-3
sungkap,-3
sungkan,-4
sungguhpun,-3
sungguh,-1
sundut,-3
sunduk,-3
sundal bolong,-5
sunam,-3
sun,-3
sumpit,-3
sumpek,-4
sumpal,-3
sumpah serapah,-5
sumpah,-3
sumbing,-4
sumbat,-3
sumbang,-4
sumarah,-4
sulfur,-3
sulalah,-3
sukatan,-5
sukaria,-3
sukarela,-2
sukar,-4
suka mengganggu,-4
sugesti,-3
sudu,-3
sudi,-3
sudahlah,-3
subversif,-4
subang,-1
suari,-3
suap,-3
suak,-2
stress,-5
stres,-4
stori,-5
stop,-3
statis,-3
standar,-2
stalking,-4
stalk,-4
stagnasi,-5
stagnan,-3
sput,-2
spion,-3
spektakel,-3
spam,-3
sotoy,-4
sotau,-4
sosi,-5
sorry,-4
sorangan,-3
sorak,-3
sontak,-4
songsong,-2
soms,-4
somplak,-4
someng,-4
sombong,-3
solokan,-4
solek,-4
sohor,-1
sogokan,-4
sogok,-4
soe,-5
sobek,-3
soalnya,-1
soak,-5
slip,-5
slebor,-5
skors,-3
sivilisasi,-3
sitoplasma,-5
sisih,-2
sisa,-4
sir-siran,-2
sirna,-5
sirkuler,-3
sirik,-5
siratan,-3
sirap hati,-2
sipongang,-3
sinting,-5
singkir,-5
singkil,-4
singkat akal,-3
singkat,-3
singkap,-3
singgung,-5
singgah,-2
sindiran,-3
sindir,-3
sin,-1
simpuh,-3
simpatik,-4
simpang-siur,-4
simpang,-4
simpanan,-3
simbah,-3
simak,-5
siluman,-5
silu,-5
silap mata,-5
silap,-4
silang sengketa,-4
selisih,-1
silang selisih,-4
silang,-4
silam,-4
sila,-4
siksaan,-5
siksa,-5
siklon,-4
sihh,-2
signifikansi,-4
sifer,-3
sidik midik,-3
sidang,-3
sibuk,-3
sia-sia,-4
siaran,-3
siapanya,-2
sian,-3
sialan,-5
sial,-5
sia,-5
si polan,-3
si fulan,-3
si dia,-3
shy,-3
shabu-shabu,-3
sewot,-5
sewenang-wenang,-5
sewal,-5
setuju,-3
setip,-3
setimpal,-5
setimbang,-3
setia,-4
seteru,-4
setengah,-3
setek,-4
setan,-4
se-sat pusat,-4
sesat pusat,-4
sesat akal,-2
sesat,-4
sesambat,-3
sesalan,-5
sesal,-4
sesak,-3
serutu,-3
serupa,-3
seruh,-2
serpihan,-4
serong,-4
serobot,-3
seringing,-4
seringai,-4
serindai,-5
serik,-3
serengit,-4
serenging,-5
serem,-5
serawak,-3
serapah,-4
serangan,-3
serang,-4
seranah,-3
serampu,-3
serampangan,-5
seram,-4
serakan,-3
serak,-4
serah,-3
seraga,-3
serabutan,-5
sepuh,-3
sepit,-3
sepihak,-3
sepi,-3
sepenuhnya,-3
sepele,-4
separuh,-3
sepak,-3
senyur,-4
senyum,-1
senyap,-4
senyampang,-4
sentuk,-4
sentuh asa,-1
sentong,-3
sentimen,-3
sentilan,-5
senteng,-5
sentakan,-5
sensi,-4
sensasi,-5
senonoh,-5
senjang,-4
senior,-3
seni,-4
sengsara,-5
senging,-5
sengal,-4
senewen,-4
sendu,-2
sendirian,-3
sendiri,-3
senat,-3
semrawut,-5
sempurna,-3
sempuras,-3
semprotan,-5
semprot,-5
sempit,-4
sempelah,-4
semok,-4
semi,-2
sementung,-5
sementara,-4
semenggah,-5
semena-mena,-5
semena,-3
semburan,-4
sembur,-3
sembunyi-sembunyi,-4
sembul,-3
sembrono,-5
sember,-4
sembarangan,-4
sembarang,-4
sembam,-4
sembah,-2
semayam,-3
semau,-3
semata-mata,-2
semaput,-4
seman,-5
semak hati,-5
selusur,-3
selulur,-2
seluk-beluk,-4
seluk beluk,-4
selubung,-5
selokan,-4
selit-belit,-3
selir,-4
selingkuhan,-5
selingkuh,-5
selidik,-3
selia,-4
seleweng,-5
selesma,-3
selerang,-5
selempang,-5
selektif,-3
selekeh,-5
seleder,-5
selebaran,-3
selap,-3
selagi,-2
seladang,-3
sekutu,-3
sekurang-kurangnya,-3
seksualitas,-5
seksologis,-2
seksi,-3
sekop,-3
sekongkolan,-4
sekongkol,-4
seko,-3
sekedup,-3
sekam,-3
sekadar,-3
segitunya,-3
segitu,-3
segi,-4
seenaknya,-4
seenak,-4
sedu,-5
sedikit-dikitnya,-3
sedikit,-4
sedihnya,-5
sedihhh,-5
sedih,-5
sedi,-2
sedeng,-2
sedat,-4
sebit,-4
sebenernya,-1
sebel,-5
sebat,-3
sebarang,-2
sebaran,-3
sebagai,-3
sebab,-2
seandainya,-1
sayup,-3
sayu rayu,-3
sayu rawan,-3
sayu,-3
sayid,-1
sayat,-4
sayangnya,-3
sawat,-5
saum,-2
satria,-1
satire,-3
satir,-2
satelit,-3
sasana,-3
sarit,-4
sarau,-5
sarangan,-3
sarak,-3
sara bara,-5
sara,-3
sapit,-3
sapi jantan,-3
santunan,-2
santet,-5
sano,-4
sangsi,-5
sangkut-paut,-4
sangkut,-4
sangit,-5
sanggit,-3
sanggama,-2
sange,-5
sandung,-5
sampur,-3
sampul,-3
sampuk,-3
sampai rasa,-2
sampai hati,-2
sampah,-4
sambungan jiwa,-3
sambit,-5
sambel,-2
sambat,-3
sambaran,-3
sambar,-3
samar,-5
sama sekali,-3
salahku,-4
salah urat,-3
salah tingkah,-4
salah langkah,-3
salah benang,-1
salah,-5
sakit-sakitan,-4
sakitnya,-4
sakit jiwa,-4
sakit ingatan,-4
sakit ingat,-4
sakit hati,-3
sakit,-5
sajen,-4
saja,-3
sahara,-2
safih,-4
safa,-4
sadur,-3
sadis,-5
sad,-4
sabit,-3
sabil,-4
sabak,-3
ruyup,-5
ruwet,-4
rute,-4
rusuk,-4
rusuh,-4
rusak binasa,-4
rusak,-4
rurut,-5
runyam,-5
runtun,-5
runtuh,-5
rundung,-4
runcing,-4
rumor,-5
rumit,-5
rumbing,-4
rugi,-5
rudin,-5
rudapaksa,-4
rucah,-5
rubuh,-5
ruat,-4
ruak,-4
ruai,-4
rua,-4
rosak,-3
rontok,-3
rongsokan,-3
rongsok,-3
rongseng,-4
rongkol,-5
ronggang,-3
rongga,-3
rompyok,-5
rompong,-3
rompok,-2
rompoh,-4
rompes,-4
rompeng,-4
rompak,-5
romong,-4
rombongan,-4
rombengan,-4
rombeng,-3
rombak,-2
rokok,-3
roh jahat,-4
rogok,-3
rogoh,-3
roda,-5
roboh,-5
robek,-3
riuk,-3
risiko,-3
risi,-3
risa,-4
rip,-5
rintisan,-2
rintis,-2
rintik,-3
ringkus,-5
ringkik,-3
ringkih,-4
ringkas,-2
ringan tangan,-1
ringan mulut,-4
ringan lidah,-4
rinding,-3
ricuh,-4
ribut,-4
ribet,-4
riba,-3
reyot,-3
rewel,-4
revolusioner,-1
retek,-3
retas,-3
retak,-4
resurjensi,-5
resultan,-3
restoran,-4
restan,-3
resonansi,-3
resistan,-2
residivis,-5
resesi,-5
resek,-4
resap,-3
resan,-5
resah,-5
reput,-3
represi,-4
repot,-5
renyem,-3
renyang,-5
renti,-3
rentan,-4
renjana,-2
rengsa,-5
renggang,-3
rengeh,-3
rendah,-5
rencana,-4
remuk redam,-5
remuk,-4
rempak,-4
remeh,-5
rembas,-5
rem,-5
relai,-5
rela,-3
rel (kereta api),-4
rekan,-2
rekam,-3
reka,-2
reguk,-3
regenerasi,-2
redup,-3
redik,-5
redang,-4
recok,-3
recehan,-4
receh,-4
reca,-3
rebut,-3
rebet,-5
rebeh,-5
rebak,-3
rebah,-3
reba,-5
realitas,-3
realisasi,-3
reaksi,-5
rayuan,-3
rayu,-4
rayah,-5
rawat,-3
rawan,-5
rawak,-5
ratapan,-3
ratap,-3
rasuk,-3
rasisme,-5
rasionalitas,-4
rasio,-4
rasialisme,-5
rasa malu,-4
rasa hati,-2
rapun,-5
rapet,-2
rapat,-3
rantus,-3
rantas,-3
rantaian,-3
rantai,-3
rangkul,-3
rang,-3
random,-4
randek,-3
rancau,-3
rancap,-4
rancak,-4
ranap,-5
ranai,-4
rampok,-5
rampas,-4
rampang,-2
rampak,-5
rame,-2
rambang,-5
ramal,-2
rajaman,-4
rajam,-5
raiso,-3
raib,-3
rahasia,-2
ragu-ragu,-3
raguk,-3
ragu,-3
ragam,-4
radius,-4
radikal,-4
radang,-4
rad,-3
rabies,-4
rabak,-3
raba,-3
qada,-2
puyeng,-4
puyan,-4
putus usia,-3
putus tali gantung,-2
putus nyawa,-5
putus napas,-4
putus jiwa,-5
putus akal,-5
putus,-5
putih tulang,-2
putau,-3
pusung,-3
pusu,-4
puspamala,-3
pusink,-3
pusing keling,-5
pusing,-4
pusang,-5
purwa,-2
purnama,-3
purbasangka,-3
purba,-3
puputan,-3
pupus,-5
puntung,-3
puntianak,-5
pundung,-4
puncak,-3
punah,-4
pun,-3
pumpun,-3
pulsa,-3
pulas,-1
pulak,-2
pukulan,-3
pukul,-4
pukau,-1
pukang,-3
puisi,-3
pudar,-3
pucat,-4
pub,-4
puatang,-5
puasa,-2
puaka,-4
protes,-3
prosedur,-4
prosais,-3
prosa,-4
profit,-1
problem,-4
prinsipil,-4
primitif,-4
primer,-4
prihatin,-3
pretel,-4
presentasi,-3
preseden,-2
prediksi,-1
prasangka,-3
prapendapat,-3
pranatal,-3
prajurit,-5
prahara,-3
praduga,-3
potongan,-2
potol,-4
potel,-5
porno,-5
porak-poranda,-5
popokan,-4
poor,-4
pongsu,-4
pongah,-5
polusi,-4
politik,-1
pojok,-3
plonga-plongo,-3
plongah-plongoh,-3
piye,-3
pitnah,-3
pita,-4
pisah,-3
pipitan,-3
pipis,-2
pinter,-1
pingsan,-3
pinggul,-3
pincang,-4
pinak,-3
pilu,-5
pilon,-3
pilak,-5
pikun,-4
pikulan,-2
pikul,-2
pikiran tumpul,-3
pikir,-2
pikat,-4
pijat-pijat,-5
pihak,-3
pica,-4
pialang,-3
php,-4
pgen,-1
petus,-3
petung,-3
petugas,-3
petir,-3
petanda,-3
petaka,-4
pesona,-1
peserta,-3
pesawat,-3
pesat,-2
perwujudan,-3
perusuhan,-4
perus,-5
peruntungan,-3
perundungan,-4
pertunjukan perasaan,-3
pertunjukan,-3
pertunjuk,-3
pertiwi,-3
pertentangan,-5
persuasi,-3
persoalan,-3
persetubuhan,-3
persesuaian bunyi,-3
persengketaan,-4
persembahan,-2
persediaan,-3
persangkutan,-4
perpegangan,-2
perosok,-4
permusuhan,-5
permulaan,-3
permenungan,-3
permai,-4
perlina,-3
perlengkapan,-3
perlawanan,-5
perlahan-lahan,-4
perkutut,-3
perkomplotan,-4
perkembangan,-4
perkawinan,-3
perkara,-4
perkakas,-3
perit,-4
peristiwa,-2
pering,-3
periksa,-5
perih,-4
perhiasan,-4
perguaman,-4
pergok,-5
pergi,-3
pergesekan,-4
pergabungan,-3
perfek,-1
peretel,-4
peres,-3
perenyak,-4
perebutan,-3
perdebatan,-3
perdata,-3
percuma,-4
percekcokan,-4
percaya diri,-1
percaturan,-3
percabangan,-4
perbincangan,-3
perbedaan,-2
perbaraan,-4
perbantahan,-3
perban,-3
perapian,-4
perantara,-4
peranjat,-3
perangsang,-3
perang mulut,-5
perang,-3
peranakan,-3
perak,-4
perahu,-4
peragaan,-3
peradam,-5
pepat,-3
pepak,-3
penyungkit,-3
penyumbat,-3
penyudahan,-3
penyudah,-2
penyodok,-3
penyinaran,-3
penyimpangan,-4
penyigian,-3
penyertifikatan,-4
penyepit,-3
penyepelean,-4
penyemat,-4
penyelidikan,-5
penyelewengan,-4
penyekutuan (Allah),-5
penyebab,-3
penyatuan,-4
penyap,-3
penyangkal,-4
penyanggah,-4
penyangga,-3
penyalut,-3
penyakit,-4
penyadur,-3
penyadaran,-3
penuturan,-3
penutupan,-2
penutup,-3
penurut,-3
penurunan,-5
penunggu,-2
penumpang,-3
penuh sesak,-3
penubuhan,-3
pentung-pentungan,-4
penting,-4
pental,-3
pensiun,-3
penongkat senduk,-3
penolak,-3
penodong,-5
penobatan,-3
penjuru,-3
penjelmaan,-3
penjara,-4
peniti,-4
penis,-5
penipu,-4
pening,-3
penindihan,-4
penindasan,-4
peniadaan,-3
pengunjukan,-3
pengungkit,-3
pengumuman,-3
pengumpil,-3
pengukuhan,-3
pengotoran,-4
pengiring,-3
pengiriman,-5
pengintai,-3
pengingkaran,-3
pengindahan,-2
pengikat,-3
penghukuman arestasi,-3
penghormatan,-3
penghisapan,-4
penghinaan,-5
penghilangan,-3
penghayatan,-2
penghapusan,-3
penghapus,-3
penghambat,-5
penghalang,-5
penghabisan,-3
pengguguran,-3
penggentaran,-4
penggelapan,-4
penggaruk,-3
pengganti,-3
pengganggu,-4
penggali,-4
pengetam,-3
pengesahan,-3
pengen,-2
pengeluaran,-3
pengejawantahan,-3
pengecoh,-4
pengebat,-3
pengasih,-4
pengaruh,-2
pengar,-4
pengap,-4
peng-antara,-3
pengantara,-3
pengangkutan,-5
pengangkatan,-3
pengangguran,-4
penganggur,-4
pengang,-3
pengamitan,-4
pengakuan,-3
pengacauan,-4
penertiban,-2
penerangan,-3
penengah,-3
penelik,-3
pendusta,-4
pendongkrak,-3
pending,-3
penderitaan,-5
pendek tali,-4
pendek akal,-3
pendek,-2
pendapatan,-3
pendamai,-3
pendahuluan,-1
pencukuran,-4
pencucuk,-3
pencolek api,-4
pencet,-2
pencerahan,-3
pencemaran,-4
pencegah,-3
pencahayaan,-3
penata,-3
penat,-2
penarung,-4
penarah,-3
penangkis,-3
penanggung,-4
penangguhan,-2
penanggalan,-4
penanda,-3
penabalan,-3
pemupusan,-3
pemudaan,-1
pemuda,-1
pemisah,-3
peminta-minta,-4
pemikiran,-3
pemerdaya,-4
pemerasan,-4
pemburu,-5
pembungkus,-3
pembudayaan,-5
pembohong,-4
pembesar,-2
pembersih,-4
pemberon-takan,-4
pemberian,-3
pemberadaban,-3
pembendung,-3
pembelit,-3
pembatalan,-3
pembarut,-3
pembantah,-4
pembangkang,-4
pembalut,-3
pembaiatan,-3
pembabil,-4
pematang,-4
pemarah,-4
pemantik api,-4
pemalak,-5
pemain,-3
peluru,-3
peluk,-3
pelosot,-3
pelosok,-3
pelor,-3
pelontar,-3
pelita,-2
pelit,-5
pelir,-5
peletan,-3
pelet,-3
pelesit,-4
peleset,-4
peles,-1
pelerai,-3
pelecok,-3
pelecehan,-5
pelayan,-2
pelanting,-3
pelantikan,-3
pelana,-3
pelaksanaan,-4
pelak,-3
pekuk,-3
pekir,-4
pekikan,-5
pekik,-5
pekak,-3
pejajaran,-4
pejabat,-3
pegawai pemerintah,-3
pegawai negeri,-3
pegari,-3
pegang,-2
pegal hati,-4
peduli,-1
pedofil,-5
pedih,-4
pedes,-2
pedar,-4
pecat,-5
pdhal,-4
payudara,-3
pawana,-4
pautan,-4
patut,-5
patung,-3
patuk,-5
patos,-5
pati,-5
patgulipat,-5
pataka,-3
patah pucuk,-5
patah,-4
pasukan,-5
pasuk,-3
pasrah,-3
pasokan,-3
pasif,-3
pasal,-4
pasak,-4
parut,-3
paruh,-3
parokial,-3
parlente,-4
parlemen,-3
pariwara,-3
pari-,-3
parau,-4
paranormal,-2
paralelogram,-4
papar,-3
papakerma,-5
papak,-3
pantesan,-2
pantat,-3
pantang,-4
panji-panji,-3
panik,-4
pangsa,-3
pangkur,-4
pangkal kerongkongan,-5
pandemi,-5
pancur,-3
pancaran,-3
pancakara,-4
panas hati,-5
panas,-3
panar,-3
pampat,-5
pamflet,-3
pameran,-3
pamer,-3
palolo,-4
palka,-3
palit,-3
pales,-4
palat,-5
paksa,-4
pakar,-1
pajak,-3
pait,-4
pailit,-5
pahit,-3
pahala,-1
pagina,-2
pagi,-3
pagebluk,-5
paganisme,-5
padang pasir,-3
padang luas,-3
pada,-3
pacul,-4
pacak,-4
pa,-5
oyong,-4
oyok,-3
ovipositor,-3
oven,-4
otot,-4
otek,-4
otaknya,-2
otak udang,-5
otak telur,-5
otak ayam,-5
osteoporosis,-5
orok,-3
orbit,-4
orang-orangan,-3
orang halus,-4
orang bunian,-4
ora,-3
opp,-1
oposisi,-3
opium,-3
open,-3
oon,-5
onyak-anyik,-4
ongok,-3
ongkang-ongkang,-4
onar,-5
onak,-4
omongan,-4
omong kosong,-4
omong,-4
olok-olok,-5
olok,-4
oles,-4
ogel,-4
ogah-ogahan,-4
ogah,-3
odoh,-5
ocehan,-4
obsolet,-5
obsesi,-2
obrolan,-4
obral,-3
obat bedil,-3
obat,-3
nyuruh,-3
nyontek,-5
nyolong,-4
nyinyir,-4
nyiksa,-4
nyet,-4
nyesel,-5
nyesek,-4
nyesal,-4
nyeri,-4
nyerah,-3
nyenyeh,-4
nyenyat,-4
nyenyak,-4
nyelekit,-4
nyebut,-3
nyebelin,-4
nyata,-2
nyasar,-4
nyanyang,-5
nyamuk,-1
nyampah,-4
nyalahin,-4
nyala,-2
nyakitin,-5
nuzul,-4
nusuk,-3
nungguin,-2
numpuk,-3
nujum,-4
nol,-3
noda,-4
njir,-3
nistaan,-5
nista,-5
nis-,-3
nira,-3
ninggalin,-4
nikah,-3
nihil,-4
ngotot,-4
ngomongin,-3
ngomel,-4
ngilu,-4
ngilang,-3
nggak,-3
ngga,-2
ngetawain,-4
ngestalk,-4
ngespam,-3
ngesot,-2
ngeselin,-5
ngerjain,-2
ngeri,-4
ngenes,-4
ngelupain,-4
ngeluh,-4
ngeles,-3
ngeden,-2
ngeang,-4
ngatain,-5
ngarti,-3
ngarep,-2
ngantuk,-2
nganggur,-3
ngancem,-4
ngamen,-3
ngambek,-5
ngalah,-3
ngadu,-3
ngadepin,-2
ngaceng,-5
nestapa,-3
neraka,-5
nenes,-2
nelangsa,-3
nekat,-4
negasi,-2
necis,-1
ndut,-4
ndak,-3
naudzubillah,-5
natural,-3
nasihat,-3
narkotika,-4
narkotik,-3
narasi,-4
napsu,-3
nape,-3
naon,-2
nangis,-5
nanar,-4
nama buruk,-5
nala,-3
nakal,-5
najisin,-4
najis,-4
naik pitam,-4
naik darah,-4
nahas,-2
nahan,-3
naena,-2
nabrak,-4
naas,-5
mutu,-1
mutlak,-3
musuhan,-4
musuh,-4
mustaka,-3
mustahil,-2
musnah,-5
muskil,-2
musir,-4
musibah,-5
murus,-5
murup,-3
murung,-4
murtad,-5
murka,-4
muring,-5
murca,-4
muram durja,-5
muram,-4
murahan,-4
mupeng,-2
muntup,-3
muntahan,-4
muntah,-3
mungut,-2
mungkir,-5
mungkar,-4
mungil,-4
munding,-3
muncul,-3
muncikari,-5
mumpung,-3
mumi,-4
mumet,-4
mulut rambang,-4
mulut gatal,-4
mulut gapil,-4
mulut,-1
mulus,-5
mulu,-1
mules,-4
mula,-3
mukhlis,-2
mujarab,-1
muflis,-4
mudik,-3
mudarat,-5
mucikari,-5
muatan,-5
mual,-5
muak,-5
moyang,-4
motivasi,-3
morfin,-3
morat-marit,-3
monyet,-3
moncong,-3
momok,-4
mohon,-2
mogok,-5
modus,-4
moderator,-3
modar,-5
modal,-3
mls,-4
mitra,-4
miss,-4
miskin,-5
miris,-4
miring,-4
minus,-3
minimal,-3
minim,-3
minhaj,-4
mimpiin,-2
miliun,-5
mil,-3
mikro,-3
mewek,-5
mewalakkan,-5
mewakili,-3
mewajibkan,-2
metode,-5
meteor,-4
mesut,-4
mesum,-5
mesiu,-1
meruyup,-4
merusakkan,-4
meruok,-5
merunyamkan,-3
meruntun,-5
meruntuhkan,-4
meruntuh,-4
merunjang,-3
merundung,-4
merumung,-3
merukunkan,-3
merugi,-5
meruak,-4
merua,-4
merosot,-5
merosok,-3
merorod,-4
meronta,-3
merompak,-5
merogok,-3
merogoh,-3
merobohkan,-5
merobek,-4
merisak,-4
merintangi,-4
merinin,-3
meringankan,-1
merindingkan,-4
merinding,-3
merincukan,-4
merincis,-4
meributkan,-4
meriba,-3
meriang,-4
meretek,-3
meresahkan,-4
merenyam,-3
merenungkan,-3
merenungi,-3
merentang-rentang,-5
merentak,-3
merencah,-4
meremukkan,-4
meremehkan,-5
merembet,-4
merembes,-3
meremang,-3
merem,-2
mereken,-3
merejeng,-3
merefleksikan,-3
meredup,-3
meredik,-5
meredam,-4
merecoki,-3
merecok,-4
merebut,-3
merebak,-3
merebahkan,-3
merdesa,-5
merayau,-4
merayapi,-3
merayap,-3
merayah,-5
merawat,-3
meraut,-3
merasuk hati,-3
merasuk,-3
merasi,-3
merasa,-2
merapunkan,-4
merapatkan,-3
meranyah,-5
merangsang,-4
merangkus,-4
merangkup,-3
merangkum,-3
merangkul,-3
merangkam,-4
merangkak,-3
meranggah,-3
merandu,-4
merancukan,-4
merana,-4
merampus,-5
merampok,-5
merampas,-4
merampang,-4
merambak,-3
meramalkan,-2
meralip,-5
merajam,-5
merajalela,-4
merah telinga,-3
merah,-3
meragukan,-3
meragu,-4
meradang,-4
meracik,-4
meraban,-4
menyusut,-2
menyusup,-3
menyusahkan,-5
menyurut,-3
menyurihkan percakapan,-5
menyunu,-2
menyuntik,-3
menyungkit,-4
menyungguhkan,-3
menyunggit,-4
menyundut,-3
menyunduk,-3
menyunat,-5
menyumpahi,-5
menyulut,-4
menyulam,-5
menyukai,-1
menyuarakan,-1
menyuapi,-3
menyuap,-3
menyorongkan,-3
menyorong,-3
menyongsong,-2
menyolot,-4
menyolidkan,-3
menyolang,-3
menyogok,-5
menyodorkan,-3
menyodok,-3
menyita,-5
menyisikan,-4
menyisihkan,-2
menyirapkan,-4
menyinkronkan,-3
menyingsing,-3
menyingkirkan,-4
menyingkapkan,-4
menyingkap,-4
menyinggang,-4
menyindir,-4
menyimpang,-4
menyilam,-3
menyikut,-5
menyiksa,-5
menyikat,-5
menyidangkan,-3
menyibuk,-2
menyiat,-4
menyiasat,-3
menyiar,-4
menyetubuhi,-3
menyetrap,-3
menyetor,-3
menyeterui,-5
menyesar,-3
menyesap,-3
menyesalkan,-5
menyesal,-4
menyesak,-4
menyeruput,-3
menyerobot,-5
menyerempakkan,-3
menyerbu,-5
menyerap,-3
menyerang,-3
menyerampang,-5
menyeramkan,-4
menyerahkan jiwa raga,-4
menyerah,-4
menyepuk,-5
menyepelekan,-4
menyentak,-5
menyenggau,-4
menyenggak,-5
menyengat,-4
menyemprot,-5
menyemir,-5
menyembur,-3
menyembunyikan,-3
menyembulkan,-3
menyembul,-3
menyembilu,-4
menyembarangi,-5
menyembam,-4
menyemak,-5
menyelusur,-3
menyelusuh,-3
menyeluruhi,-3
menyelundupi,-3
menyeluk,-3
menyelubungi,-3
menyelir,-5
menyelinap,-5
menyelidiki,-5
menyelentik,-4
menyelekehi,-3
menyelar,-4
menyelang,-5
menyelami,-5
menyelakkan,-5
menyelak,-4
menyela,-5
menyekar,-4
menyeka,-4
menyegam,-4
menyedot,-3
menyedihkan,-4
menyeberang,-3
menyebelahkan,-5
menyebelah,-3
menyayung,-4
menyayat hati,-4
menyayat,-4
menyawar,-5
menyatukan,-3
menyatu,-4
menyatroni,-5
menyapu-nyapu,-4
menyantap,-4
menyantak,-3
menyangkak hati,-4
menyangkak,-5
menyanggupi,-5
menyanggah,-4
menyandingkan,-2
menyampuk,-3
menyampingkan,-4
menyampah,-4
menyaman,-4
menyamakan,-3
menyalakan,-4
menyalak,-3
menyala,-2
menyakitkan,-4
menyakiti,-5
menyakatkan,-4
menyakar,-5
menyagang,-3
menyadran,-4
menyadau,-3
menyabung (nyawa),-3
menyabung,-3
menyabot,-3
menyabet,-5
menyabak,-5
menutup mulut,-3
menutup,-3
menusuk-nusuk,-4
menusuk,-4
menurunkan,-5
menurun,-3
menunukan,-4
menuntut,-3
menunjukkan,-3
menunjang,-3
menunggunya,-2
menunggui,-3
menunggu,-3
menunggangkan,-1
menung,-3
menundukkan,-4
menumpuk,-3
menumpas,-5
menumpang tinggal,-4
menumpang,-3
menumbuk,-3
menumang,-4
menular,-4
menukik,-4
menuju,-4
menuguri,-3
menugaskan,-1
menubruk,-3
menuba,-5
mentransformasikan,-5
mentolo,-2
mentok,-5
mentang-mentang,-4
mentang,-3
menonjolkan,-3
menonjok,-3
menongkrongi,-3
menongkrong,-4
menolok,-3
menoleransi,-3
menolak,-4
menodai,-5
menjunam,-4
menjotos,-3
menjolok,-3
menjodohkan,-3
menjiplak,-3
menjilat-jilat,-2
menjilat,-3
menjijikkan,-5
menjerkah,-5
menjerit,-3
menjeramah,-4
menjepit leher,-4
menjenguk,-4
menjemukan,-3
menjelma,-3
menjelek-jelekkan,-4
menjejaki,-4
menjejak,-4
menjeburkan,-5
menjebol,-3
menjauhkan,-4
menjauh,-3
menjatuhkan,-4
menjaraki,-3
menjarak,-3
menjarah,-4
menjapit,-4
menjamin,-5
menjambret,-5
menjalari,-3
menjahili,-3
menjahatkan,-4
menjaga,-3
menitis,-3
menistakan,-5
menista,-4
menir,-4
menipu,-3
menipis,-3
meninju,-3
meningkah,-5
meninggi,-2
meninggalkan,-4
meninggal,-4
menindas,-5
menimpuk,-5
menimpa,-3
menimbang-nimbang,-3
menimbang,-3
menimang-nimang,-3
menimangkan,-3
menilap,-4
menilai,-4
menikmati,-3
menikam,-4
menikah,-2
menidurkan,-4
meni,-2
menguyuh,-3
mengutuk,-5
mengutil,-4
mengusir,-4
mengusili,-3
mengusap,-4
mengusai,-2
mengunyah,-4
menguntungkan,-4
mengungkapkan,-4
mengumpul,-3
mengumpat,-4
mengumbar,-3
mengumandang,-4
mengukuhkan,-3
menguji,-5
menguit,-4
mengudak,-4
mengucur,-3
menguburkan,-3
mengubur,-3
mengubrakan,-3
menguatkan,-3
menguar,-3
mengoyok,-4
mengoyak-oyak,-4
mengoyak,-4
mengotot,-4
mengotori,-5
mengorup,-5
mengorok,-3
mengorek-ngorek,-4
mengorek,-4
mengonyok,-3
mengonsumsi,-4
mengonslah,-5
mengonfirmasi,-4
mengonarkan,-4
mengompori,-4
mengolet,-3
mengoleng,-3
mengogah,-3
mengobarkan,-4
mengkhianati,-5
mengkhianat,-4
mengkal,-4
mengkaji,-5
mengistimewakan,-3
mengisruhkan,-4
mengisbatkan,-3
mengiris,-4
mengirikan,-4
mengirik,-3
mengirat,-5
mengirap,-3
menginterupsi,-5
menginsinuasi,-4
menginjeksi,-3
menginjak,-3
mengingsut,-3
mengingsar,-3
mengingkari,-4
menginapkan (jenazah),-3
mengimbangi,-5
mengikhtisarkan,-3
mengidamkan,-2
mengias,-4
menghunjam,-4
menghuni,-3
menghulu,-3
menghukumkan,-3
menghukum,-3
menghujat,-4
menghitamkan,-4
menghisap,-1
menghirup,-3
menghirukkan,-4
menghinggut,-3
menghinggapi,-3
menghindarkan,-4
menghinap-hinap,-3
menghinakan,-5
menghina(kan) melanyak,-5
menghilang,-3
menghidu,-1
mengherankan,-3
menghentikan,-5
mengheningkan,-3
menghempaskan,-4
menghempas,-4
menghembalang,-3
menghebohkan,-3
menghasut,-4
mengharukan,-4
mengharubirukan,-4
menghardik,-5
mengharap,-3
mengharamkan,-3
menghapus,-4
menghantui,-4
menghanguskan,-3
menghancurluluhkan,-4
menghancurkan,-4
menghamuni,-5
menghambat,-3
menghalang,-4
menghalai-balaikan,-4
menghabiskan,-4
menghabisi,-4
menggusari,-3
menggunung,-3
menggunting,-3
mengguncangkan,-4
menggulung,-4
mengguguk,-5
menggugat,-4
menggoyangkan,-4
menggoyang,-3
menggoyahkan menggerakkan,-4
menggores,-3
menggondol,-5
menggodai,-3
menggilas,-4
menggila,-4
menggigis,-4
menggigil,-4
menggigih,-4
menggiatkan,-4
menggerinjam,-4
menggeret,-3
menggerenyam,-3
menggerecoki,-4
menggerebek,-3
menggeramus,-4
menggentarkan,-4
menggemuruh,-4
menggempur,-4
menggemparkan,-2
menggemaskan,-5
menggema,-4
menggelup,-4
menggelorakan,-4
menggelogok,-3
menggelisahi,-4
menggelinyau,-3
menggelingsir,-3
menggelincir,-3
menggelikan,-3
menggeligis,-4
menggeligi,-4
menggeliat,-3
menggeletar,-4
menggelesot,-3
menggeleng,-3
menggelecik,-3
menggelapkan,-4
menggelabur,-5
menggelabu,-4
menggegerkan,-3
menggebos,-5
menggasak,-5
menggarong,-5
menggarit,-3
menggarangkan,-4
mengganyang,-4
mengganjarkan,-3
mengganjari,-3
mengganjar,-3
mengganggu,-4
mengganas bercabul,-4
mengganas,-4
menggampangkan,-3
menggali-gali,-4
menggalakkan memanas-manasi,-3
menggalakkan,-4
menggagalkan,-3
menggaet,-5
menggaduhkan,-4
menggadaikan,-3
mengetes,-3
mengetepikan,-4
mengesup,-3
mengesel,-5
mengesan,-3
mengesampingkan,-4
mengesak,-3
mengesahkan,-3
mengerut,-3
mengeruh,-3
mengerubuti,-4
mengerubungi,-3
mengerti,-2
mengeroyok,-4
mengernai,-4
mengerkau,-4
mengerjakan,-4
mengerinyau,-3
mengerikan,-4
mengerik,-3
mengeremus,-4
mengerem,-2
mengentengkan,-2
mengentak,-3
mengenjak,-3
mengendur,-3
mengencang,-3
mengempis,-3
mengempaskan,-3
mengempang,-5
mengembus,-4
mengembat,-5
mengelukan,-2
mengelis,-3
mengelih,-4
mengelakkan,-4
mengekol,-3
mengekang,-4
mengejutkan,-3
mengejikan,-3
mengejek,-4
mengejawantah,-3
mengejar,-4
mengedut,-5
mengedrop,-4
mengecilkan,-3
mengecewakan,-3
mengecerkan,-2
mengebumikan,-3
mengebiri,-3
mengazabkan,-3
mengazab,-3
mengayunkan,-3
mengayun,-3
mengawasi,-2
mengaur,-3
mengata-ngatai,-5
mengasuh,-2
mengasihi,-2
mengarik,-3
mengaret,-3
mengarau,-4
mengarah,-4
mengapkir,-4
mengap,-3
menganugerahi,-3
mengantongi,-5
mengantisipasi,-1
mengantarai,-3
mengantara,-3
menganjurkan,-3
menganggur,-4
menganeksasi,-5
mengandut,-3
mengandung,-3
mengamuk,-5
mengamput,-3
mengambang,-5
mengamalkan,-4
mengalihkan,-5
mengalami,-3
mengalahkan,-4
mengalah,-2
mengagumkan,-5
mengagak-agak,-3
mengaduk,-4
mengadili,-4
mengadang,-3
mengada-ada,-4
mengada,-3
mengacaukan,-4
mengacau,-4
mengacak,-4
mengabulkan,-3
mengabsorpsi,-3
mengabdi,-3
mengabar,-5
mengabaikan,-3
menetes,-3
menetapkan,-5
menerpa,-3
menerka,-1
menerjunkan,-5
menerjang,-3
menerima kenyataan,-4
menerbankan,-4
menepis,-3
menep,-3
menentang,-5
menengking,-5
menengkar,-5
menenggang,-3
menengahi,-5
menenes,-2
menendang,-5
menenangkan,-1
menempel,-3
menempati,-3
menembok,-1
menembis,-5
menelanjangi,-4
menelaah,-5
menekankan,-3
menekan,-3
menegur,-3
meneguk,-3
meneguhkan,-3
menegapkan,-3
menegangkan,-4
menegah,-5
menebuk,-3
menebeng,-3
menebat,-3
menebalkan,-3
menebak,-2
mendustai,-3
mendusta,-4
menduri,-4
mendungas,-3
mendung,-3
menduga,-1
mendorong,-4
mendongkolkan,-5
mendompleng,-3
mendoa,-3
mendiskreditkan,-4
mendingan,-3
mending,-3
mendindingi,-5
mendidis,-4
mendidih,-3
mendiamkan,-3
mendiami,-3
mendesak,-4
menderita,-5
mendengung,-4
mendengu,-3
mendemonstrasikan,-4
mendekap,-3
mendedahkan,-4
mendebarkan,-4
mendaulat,-5
mendasar,-4
mendarat,-4
mendapati,-4
mendangkung,-3
mendamprat,-4
mendalam,-3
mendakwa,-4
mendaifkan,-4
mendahului,-1
mencuru,-3
mencuri,-5
mencurat,-1
mencura,-5
mencungkil,-4
mencucut,-3
mencucuk,-3
mencuca,-5
mencret,-4
mencoret,-3
mencoreng,-4
mencopet,-5
mencontengkan,-3
menconteng,-3
mencomot,-4
mencolong,-5
mencocok,-3
mencoblos,-3
menciut,-3
mencium tanah,-5
mencirit,-5
mencilok,-3
mencicik,-5
mencibirkan,-5
mencibir,-5
mencetak,-5
mencerup,-3
mencerkau,-4
menceret,-5
mencerca,-5
mencerat,-3
menceracau,-3
mencepung,-5
mencengkeram,-4
mencengkelong,-5
mencengkau,-4
mencengkam,-4
mencengangkan,-3
menceng,-4
mencempung,-4
mencemplung,-5
mencemooh,-5
mencemat,-5
mencemaskan,-3
mencemari,-4
menceluk,-3
mencelampakkan,-3
mencelakai,-5
mencela,-5
mencekuh,-3
mencekik,-4
mencekau,-2
mencekam,-4
mencekak,-4
mencegat,-3
mencederai,-4
mencecak,-3
mencecah,-3
mencebur,-5
mencebikkan,-3
mencatut,-3
mencarak,-3
mencaplok,-3
mencangkum,-3
mencamuk,-4
mencampurbaurkan,-4
mencalit,-3
mencak-mencak,-5
mencakar,-4
mencak,-5
mencair,-1
mencagun,-3
mencagil,-4
mencaci-maki,-5
mencaci,-5
mencabau,-4
mencabarkan,-4
menata,-2
menasihatkan,-3
menaruh syak,-3
menarik napas penghabisan,-5
menantang,-4
menangkap tangan,-5
menangkap,-3
menangkal,-4
menangis,-5
menanggungkan,-5
menanggung,-2
menanggapi,-5
menanggang,-5
menangap,-5
menang,-5
menancap,-4
menampik,-4
menampel,-3
menampakkan diri,-3
menampakkan,-4
menampak,-4
menambus,-4
menambak,-5
menamatkan riwayatnya,-3
menakutkan,-4
menakali,-4
menahun,-5
menahankan,-2
menahan,-5
menagih,-3
menagak,-5
menafikan,-4
menafakurkan,-3
menadaburkan,-3
menabrak,-3
memvonis,-3
memusuhi,-5
memusnahkan,-5
memusingkan,-4
memupus,-5
memungut,-2
memuluskan,-5
memukuli,-4
memuakkan,-5
memprediksi,-1
mempertimbangkan,-3
mempertenggangkan,-3
mempertaruhkan,-3
mempersoalkan,-4
mempersakiti,-5
memperolahkan,-4
memperlihatkan,-3
memperkeruh,-4
memperkacaukan,-4
memperhitungkan,-3
memperduakan,-3
memperbandingkan,-3
memperapikan,-2
memotong,-3
memosisikan,-5
memorakporandakan,-3
memomokkan,-5
memojokkan,-4
memipihkan,-3
meminta (kpd Tuhan),-3
memilin,-5
memikul,-5
memikirkan,-3
memikat,-4
memijak,-3
memidana,-3
memfitnah,-4
memfatwakan,-3
memetuahkan,-3
memerusa,-4
memerli,-5
memergoki,-5
memenuhi,-3
memenggal lidah,-5
memendek,-3
memenangi,-5
memekik,-3
memek,-5
memejalkan,-3
memejahijaukan,-4
memegat,-3
memegang,-4
memedi,-4
memecatkan,-5
memecah,-4
memburukkan,-5
memburu,-4
membunyikan,-1
membuncahkan,-4
membukukan,-5
membuang nyawa,-5
membuang,-4
membual,-4
membosankan,-3
membopong,-3
membongkar,-4
membolos,-3
membohongi,-3
membohong,-4
membocorkan,-4
membobol,-5
memble,-3
membisu,-3
membinasakan,-5
membidikkan,-2
membiak,-3
membeslah,-4
membeset,-4
membesar,-2
membersihkan,-5
memberhentikan,-5
memberantas,-5
memberangsangkan,-4
membentur,-3
membentak,-5
membendung,-3
membenci,-5
membencanai,-4
membembam,-4
membelot,-5
membekas,-3
membekap,-3
membekam,-4
membegal,-5
membeda-bedakan,-3
membeber,-4
membayankan,-4
membawat,-5
membawang,-5
membawa berat,-3
membatu,-2
membatasi,-3
membasmi,-5
membara,-3
membanting,-4
membantar,-4
membantai,-4
membanjiri,-3
membangunkan,-4
membandungi,-1
membandingkan,-3
membanding,-3
membandel,-5
membalik belakang,-5
membalas,-3
membakar,-4
membajak,-5
membahana,-3
membabi buta,-4
membabat,-4
membabar,-1
mematut-matut,-3
mematung,-3
memarap,-3
memarak,-3
memarahi,-5
memapas,-5
memantapkan,-3
memantang,-4
memantak,-4
memantai,-4
memanjatkan doa,-3
memanas-manasi,-3
memanaskan,-4
memampat,-3
memaling,-5
memalak,-4
memaku,-3
memaki,-5
memahirkan,-1
memadatkan,-3
memacak,-4
memaafkan,-3
melupakanmu,-3
melupai diri,-3
melunyah,-3
melumur,-4
melumatkan,-4
melumangkan,-5
meluluhlantakkan,-4
melulu,-3
melukat,-4
melubangi,-3
meloya,-4
melorot,-4
meloloh,-3
meliputi,-3
melipur,-3
melintang,-4
melingkupi,-3
melindur,-3
melindap,-3
meligih,-4
melicinkan,-2
melibas,-4
meleting,-3
melet,-3
melesit,-1
meleset,-3
melesap,-3
melepek,-4
melepaskan,-5
melepas,-5
melenyapkan,-5
melendeh,-3
melenceng,-3
melembung,-3
melemah,-3
melelapkan,-3
melelah,-3
melekat,-4
melek,-2
meleja,-5
meledak,-4
melecehkan,-5
melayani,-5
melayang,-3
melawat,-4
melarat,-4
melarang,-3
melar,-2
melanyak,-3
melantak,-4
melankolis,-2
melankoli,-5
melanggar,-5
melandai,-3
melancarkan,-2
melampau,-4
melalap,-4
melalak,-3
melalah,-4
melaksanakan,-3
melaknat,-5
melahap,-5
meladeni,-5
melabrak,-5
meh,-5
medok,-3
mblo,-3
mbeling,-2
mayit,-4
mayat,-4
maunya,-1
maula,-4
matiin,-2
mati pucuk,-5
mati,-5
matanya,-2
mata-mata,-3
mata ikan,-4
mata betung,-3
mata,-5
masyhur,-5
masygul,-2
master,-1
masif,-3
masalah,-4
masai,-4
masa bodoh,-4
maruk,-3
mariyuana,-3
marahin,-4
marah,-5
mara,-4
manuver,-3
mansukh,-4
manjur,-1
manipulator,-4
manifestasi,-3
mangut,-4
mangkir,-3
mangkel,-4
mangkas,-2
manggak,-5
mangau,-4
maneh,-3
manasuka,-4
mampus,-5
mambang,-4
malu mata,-4
malu,-4
malesin,-4
males,-4
malas,-4
malapetaka,-5
malapateka,-3
malang,-5
malak,-4
mala,-5
maksa,-5
makmum,-3
maklumat,-3
makian,-5
maki,-5
makhluk halus,-4
makelar,-3
makan bawang,-5
majikan,-3
majenun,-2
mairat,-5
mainstream,-3
mainin,-2
main muda,-3
main mata,-5
main kayu,-3
maho,-4
mahh,-1
maherat,-4
maghrib,-2
mafia,-5
mafhum,-1
madat,-3
madani,-4
macis,-4
macem,-2
mabok,-4
maapkan,-3
maapin,-4
maap,-3
maafkan,-3
maafin,-3
maaf,-3
luyu,-1
luwes,-4
lutut,-2
lutu,-4
lusuh,-5
lurus hati,-1
luruh,-2
luput,-3
lupa diri,-3
luntur,-3
lungse,-4
lungkang,-4
luncas,-3
lunas (kapal,-3
lumut,-3
lumat,-4
luluh lantak,-5
luluh,-3
luka,-5
lugu,-2
luda,-3
lucut,-3
lucah,-5
lubuk,-3
lubang jarum,-5
luak,-3
lotre,-5
lotong,-4
lot,-5
lost,-3
lorot,-4
lopak-lapik,-4
lopak,-4
longgok,-3
loneng,-3
londang,-3
lompong,-5
lombong,-3
loloh,-3
loksek,-4
lock,-2
loakan,-4
liwa,-3
lisut,-4
lisong,-3
lirih,-3
lipur,-2
liplap,-3
lipat dua,-3
linu,-4
lintasan,-4
lintar,-3
linguis,-3
lingsir,-5
lingkup,-5
lingkar,-3
linggis,-4
lindap,-3
lincah,-3
lilit,-3
lihai,-4
life,-2
lieur,-3
licin,-2
liang sanggama,-4
liang jimak,-4
liang,-3
leyu,-4
lewat batas,-4
lever,-2
letus,-4
letup,-3
letih,-3
leta,-5
lesu,-4
lesit,-1
lesap,-3
lerak,-4
lepra,-5
lepek,-4
lepaskan,-2
lepasan,-3
lepas,-2
lenyap daratan,-4
lenyap,-5
lenguh,-4
lengkur,-3
lengket-lengket,-3
lengket,-2
lenggana,-4
lengas,-4
lengang,-4
lengah,-4
lendeh,-3
lencana,-3
lemot,-5
lemes,-3
lembung,-3
lembu liar,-3
lembu hutan,-3
lembu,-3
lembeng,-4
lembek,-4
lembap,-4
lembam,-4
lembaga,-3
lemau,-4
lemah,-4
lelung,-3
lelucon,-4
leler,-4
lelembut,-4
leleh,-3
lelap,-5
lelang,-3
lelah,-3
lela,-4
lekukan,-3
lekat,-3
lekas,-3
lekap,-3
legalitas,-3
legalisasi,-3
leduk,-4
ledes,-3
ledekan,-5
ledak,-4
lecet,-4
leceh,-5
lecap,-4
leburan,-3
lebur,-5
lebu,-3
lebay,-5
lebar,-3
lebai,-3
leave,-3
ldr,-2
layuh,-3
layu,-4
layon,-4
layan,-2
layak,-5
lawas,-5
laur,-4
lau,-2
latisan,-4
latihan,-2
latih,-2
laten,-5
lata,-5
lasat,-5
lari-lari,-2
lari,-2
larat hati,-3
larat,-3
lara,-5
lapuk,-5
laporin,-3
laporan,-5
laper,-3
kelaparan,-5
lapang hati,-1
lap kaki,-2
lap,-5
lanyak,-3
lantaran,-4
lanjut usia,-3
lanjut umur,-3
lanjut,-5
lanjur,-3
langsuir,-4
langsai,-3
langking,-4
langkap,-3
langkan,-3
langkah baik,-1
langka,-5
langis,-5
langau,-4
langah,-3
landasan (pesawat udara),-4
lancut,-4
lancip,-4
lancar,-2
lancang mulut,-4
lancang,-5
lambat-lambat,-4
lambang,-3
laluan,-4
lalu dr dunia,-5
lalim,-5
lali,-4
lalat kerbau,-4
lalat hijau,-5
lalai,-4
lakon,-4
laknat,-5
lajat,-5
lain,-4
laik,-5
laif,-5
lahir kembali,-3
lahang,-3
lagian,-3
lagak,-2
lafal,-4
ladang,-4
ladah,-5
lacur,-5
labuda,-3
labrak,-4
laboratorium,-3
labil,-4
kzl,-5
kuyup,-3
kuyu,-5
kuwur,-4
kutut,-3
kutuk,-5
kutu busuk,-4
kutil,-4
kusut pikiran,-4
kusut hati,-5
kusut,-4
kurusuhan,-4
kurus,-3
kurungan,-4
kurung,-3
kurban,-3
kurbal,-3
kurang,-5
kuota,-2
kuno,-5
kunjung,-3
kuning,-4
kungkungan,-3
kunarpa,-4
kumuh,-4
kumbang,-4
kumat,-4
kumandang,-3
kulak,-3
kukul,-3
kukuh,-4
kufur,-5
kucar-kacir,-5
kubra,-5
kubang,-3
kuat duga,-2
kuat (dugaan),-2
kualat,-4
kronologi,-1
kronis,-5
kroni,-3
kromatis,-3
kroco,-4
kritis,-5
kritikan,-5
kritik,-5
krista,-4
krisis,-4
krg,-2
koyak-koyak,-5
koyak,-3
kotoran,-5
kotor,-5
koteng,-3
kotak,-3
kot,-1
kosong,-4
korupsi,-4
korup,-5
korek api,-4
korek,-4
korban,-4
kopyor,-4
kopong,-4
koplo,-3
konyol,-3
konveks,-3
kontroversi,-4
kontras,-3
kontradiksi,-3
kontol,-5
kontaminasi,-4
kontak,-4
konspirasi,-4
konsistensi,-3
konsekuensi,-3
konotasi,-3
konkurensi,-4
konkretisasi,-3
konglomerasi,-4
kongkong,-3
kongkalikong,-4
koneksi,-4
konco,-3
komunitas,-3
komunikasi,-4
kompor,-4
komplot,-4
komplikasi,-3
kompas,-3
komat-kamit,-3
kolot,-5
kolera,-4
kolaps,-5
kolam,-3
kojor,-3
koit,-5
kohor,-3
kodok,-2
kode,-3
kocok,-3
kocar-kacir,-5
kocak,-2
kobaran,-3
kobar,-2
kliyengan,-4
kitab,-3
kisruh,-3
kismat,-2
kisi-kisi,-4
kisikan,-3
kisi,-3
kiranya,-1
kirai,-3
kincit,-5
kilat,-2
kilang,-3
kilah,-4
kikis,-5
kidib,-3
kicik,-3
kicauan,-4
kiamat,-3
kial,-4
khisit,-5
khinzir,-4
khilaf,-4
khianat,-4
khawatir,-5
khatimah,-3
khasi,-4
kharab,-5
khalwat,-3
khalifatullah,-4
khair,-4
khafi,-5
khabis,-3
kgk,-3
kewalahan,-3
ketus,-4
ketupat bengkulu,-5
ketupat bangkahulu,-5
ketumbukan,-4
ketularan,-4
ketulahan,-4
ketul,-3
ketuat,-4
ketinggian,-2
ketinggalan,-3
ketimpangan,-4
ketiduran,-3
ketidaktentuan,-5
ke-tidakjelasan,-5
ketewasan,-3
keterlibatan,-3
keterlaluan,-5
keterkaitan,-3
keteledoran,-4
ketelanjuran,-5
ketauan,-4
ketat,-3
ketar,-3
ketakutan,-4
ketaksaan,-5
ketajaman,-2
ketahuan,-5
kesusupan,-2
kesusahan,-5
kesurupan,-5
kesuraman,-5
kesunyian,-3
kesumat,-4
kesulitan,-5
kesukaran,-4
kesudahan,-3
kesucian,-1
kesomplok,-4
kesima,-1
kesibukan,-3
kesiannya,-4
kesian,-3
kesialan,-5
kesi,-3
kesetanan,-3
keset,-4
keseser,-4
kesepian,-4
kesepakatan,-4
kesenyapan,-4
kesentuhan,-3
kesenjangan,-4
kesengsaraan,-5
kesenduan,-2
kesendirian,-4
keseleo,-3
kesel,-5
kesedihan,-5
kesebalikan,-2
kesayuan,-2
kesambet,-3
kesalahan,-5
kesal,-5
kesahihan,-3
keruwetan,-4
kerut merut,-3
kerut,-2
kerusuhan,-5
kerumitan,-5
kerumit,-5
keruh,-4
kerugian,-5
kerubut,-3
kerubung,-3
keroyok,-4
kerosek,-3
keropos,-3
keropok,-3
kerok,-3
kernyih,-4
kerjain,-3
keras,-5
keriuhan,-3
kerising,-4
keris,-4
kering,-3
kerikil,-3
kerik,-3
keributan,-5
keri,-4
keretakan,-4
kereta,-4
kereseng,-4
kerepotan,-3
keremus,-4
kerelaan,-2
kerekau,-3
kerdak,-4
kerbau,-3
kerawanan,-4
kerat,-1
kerasukan,-5
kerasan,-2
keras tulang,-2
keras kepala,-4
keras hati,-3
keran,-4
keramat,-3
kerakal,-3
kerak,-2
kerajaan,-3
kerai,-4
kerabu,-5
kerabit,-3
kerabat,-3
kera,-3
keputusasaan,-5
keprihatinan,-3
kepompong,-5
kepo,-3
kepleset,-4
kepinding,-5
kepindahan,-3
kepincangan,-4
kepialu,-4
kepetangan,-3
keperihan,-5
kepercayaan,-3
kepeng,-2
kepencet,-2
kepenatan,-4
kepelikan,-4
kepedulian,-2
kepedihan,-5
kepayahan,-3
keparat,-5
kepanikan,-4
kepalang,-3
kepalan,-5
kepala udang,-3
kepala angin,-3
keonaran,-5
keok,-2
kenyih,-4
kenyataannya,-2
kentut,-2
kentara,-3
kenistaan,-5
kenestapaan,-3
kenes,-3
kendatipun,-3
kendati,-3
kencing,-3
kenceng,-2
kencang,-3
kenapasih,-3
kenan,-3
kenal,-2
kenahasan,-2
kemurungan,-5
kemurkaan,-5
kemuraman,-5
kemungkinan,-1
kemunduran,-5
kemplang,-5
kempes,-4
kempa,-3
kemiripan,-2
kemik,-3
kemesuman,-5
kemerosotan,-5
kembung,-3
kembang-kempis,-4
kemban,-5
kemayu,-3
kematian,-5
kemasygulan,-3
kemasukan,-3
kemas,-2
kemandang,-3
kemamang,-4
kemaluan,-3
kemalangan,-5
kemaknagandaan,-3
kelusuh-kelasah,-5
keluhan,-3
kelucahan,-5
keluarkan,-3
keluar,-3
kelu,-3
keloyoan,-3
kelompang,-3
kelok,-2
keliru,-5
kelir,-3
kelipar,-4
keling,-3
kelimut,-3
kelih,-3
keliatan,-1
keletihan,-3
keletah,-3
kelesuan,-5
kelesah,-5
kelesa,-4
kelengar,-4
kelengangan,-4
kelembaman,-3
kelemahan,-4
kelelahan,-3
kelebihan,-3
kelati,-3
kelatahan,-5
kelasah-kelusuh,-5
kelas,-3
kelangkan,-3
kelamin,-3
kelambanan,-4
kelamaan,-4
kelam kabut,-4
kelam,-4
kelakar,-4
kelainan,-4
keladi,-3
kekusutan,-4
kekurangan,-3
kekotoran,-5
kekosongan,-3
keki,-4
kekhawatiran,-4
kekerasan,-4
kekeramatan,-5
kekerabatan,-4
kekeliruan,-5
kekejian,-5
kekecohan,-5
kekecewaan,-3
kekang,-4
kekaguman,-1
kekacauan,-4
kejut,-3
kejorokan,-5
keji,-5
kejernihan,-3
kejepit,-4
kejelekan,-5
kejedot,-4
kejar,-3
kejangkitan,-4
kejam,-4
kejadian,-2
keinget,-2
kehuru-haraan,-4
kehinaan keaiban,-4
kehilangan,-4
keheningan,-4
kehebohan,-3
kehangatan,-4
kehampaan,-3
kegeruhan,-4
kegemparan,-4
kegelisahan,-4
kegegeran,-3
kegedean,-2
keganjilan,-4
kegaduhan,-3
kedut,-4
keduniaan,-2
kedung,-3
kedukaan,-4
kedinginan,-3
keder,-4
kedengkian,-5
kedapatan,-2
kedaluwarsa,-3
kedaifan,-3
kecut,-4
kecoa,-3
kecipir,-3
kecil hati,-4
kecil,-3
kecerobohan,-5
keceriaan,-1
kecemerlangan,-1
kecemasan,-4
kecelakaan,-5
kecek,-3
kecapekan,-3
kecamuk,-4
kecaman,-5
kecabulan,-5
kecabuhan,-3
kebusukan,-5
keburukan,-5
keburu,-3
kebodohan,-3
kebobrokan,-4
kebo,-4
kebisuan,-4
kebiri,-4
kebirahan,-3
kebingungan,-3
kebimbangan,-4
keberuntungan,-1
kebentok,-4
kebejatan,-5
kebat,-3
kebas,-3
kebangunan,-5
kebangkitan,-5
kebalik,-3
kebabaran,-2
keasingan,-4
keanehan,-4
keaiban,-5
kawula,-3
kawaei,-2
kaus,-4
katanya,-1
kasur,-4
kasip,-5
kasim,-4
kasiku,-4
kasihan,-3
kasian,-3
kasep,-4
kasemat,-3
kasam,-3
karut,-5
karu,-5
karin,-2
kardinal,-4
karavan,-4
karangan,-4
karang,-3
kapuk,-3
kapok,-5
kapah,-2
kanun,-3
kantong tipis,-4
kantong perut,-5
kantong kering,-4
kanji,-3
kandut,-3
kandas,-5
kanak-kanak anyir,-3
kampungan,-5
kampret,-5
kampit,-1
kambuh,-4
kalut,-3
kalor,-4
kalang-kabut,-4
kalang tanah,-2
kalah,-4
kaki ayam,-3
kakas,-3
kaitan,-4
kagak,-3
kafilah,-4
kafetaria,-4
kafe,-4
kadam,-3
kada,-3
kacuk,-4
kacrek,-3
kacip,-3
kacek,-4
kacangan,-4
kacang botor,-3
kabut,-2
kabur,-2
kabung,-5
kabinet,-3
kabin,-3
kabil,-4
kabeh,-2
kabar burung,-5
kabar angin,-3
juz,-4
juwita,-4
jutekin,-5
jutek,-5
juru damai,-3
jurik,-4
juragan,-4
junjungan,-2
junjung,-2
junior,-4
jungkal,-5
judes,-5
jual murah,-3
jotos,-5
jorong,-3
jorok,-5
jongkok,-5
jones,-3
jompo,-3
jomblo,-3
jolak,-3
jobak,-3
jleb,-3
jir,-3
jiplak,-3
jin,-3
jilid,-5
jilatan,-3
jilat,-3
jijik,-5
jiji,-4
jihat,-4
jigong,-4
jerum,-4
jeritan,-5
jerit,-3
jeringing,-4
jeriji,-4
jeri,-3
jerepet,-3
jereket,-3
jerawat,-3
jeraus,-3
jerat semata,-3
jeran,-3
jera,-3
jeput,-3
jentaka,-5
jenguk,-2
jengkel,-4
jengkang,-5
jenewer,-4
jendera,-4
jendala,-5
jenazah,-4
jenaka,-3
jembel,-5
jembalang,-4
jelus,-2
jelukan,-3
jelma,-3
jelingah,-3
jeli,-3
jelek,-5
jelata,-5
jelas,-3
jelabak,-3
jejap,-4
jejal,-3
jedot,-4
jeblos,-4
jeblok,-5
jebeh,-5
jealous,-3
jawatan,-3
jauhin,-3
jauh,-5
jatuh,-3
jatohnya,-1
jatah,-1
jaruman,-5
jarum,-4
jaringan,-4
jariji,-4
jaras,-5
jarah,-4
jangkit,-5
jangkang,-5
janggal,-4
jangann,-3
jangankan,-3
jangan,-3
jambret,-5
jambak,-5
jamah,-5
jalu,-4
jalang,-4
jalanan,-4
jalan tol,-4
jalan tikus,-4
jalan setapak,-4
jalan raya,-4
jalan protokol,-4
jalan lingkar,-4
jalan layang,-4
jalan buntu,-4
jalan bentar,-4
jalan bebas hambatan,-1
jalan bebas hambat,-1
jalan arteri,-4
jajaran genjang,-4
jail,-4
jahil,-4
jahatnya,-4
jahatin,-3
jahat,-4
jahanam,-5
jahad,-4
jaga-jaga,-3
jadul,-3
jabat,-3
jabang bayi,-3
jaat,-3
item,-4
isukan,-1
isu,-1
istan,-5
isotop,-3
isi,-5
ish,-4
iseng,-3
isapan jempol,-3
isap jempol,-3
isak,-5
irsyad,-3
iring-iringan,-4
iringan,-4
iri hati,-5
iri,-4
iri,-5
ira,-3
inventori,-3
invalid,-5
intrinsik,-4
intrik,-3
intrakalimat,-5
intimidasi,-5
intiha,-3
interlokusi,-3
interaksi,-2
intensif,-4
inteligen,-4
instruksi,-3
instansi,-3
insiden,-4
insentif,-3
insane,-4
insaf,-4
inklusif,-2
inklinasi,-3
inkarnasi,-1
injek,-3
injakan,-3
inisiator,-4
inhibisi,-4
inheren,-4
ingsut,-3
ingkar,-4
ingetin,-2
ingat-ingat,-3
ingat,-3
ingar,-5
inga,-4
influensa,-3
inferioritas,-5
inferior,-4
inersia,-4
indusemen,-3
induk semang,-4
indolensi,-4
indolen,-4
indikasi,-2
indehoi,-3
incit,-4
incess,-3
incang-incut,-4
inaugurasi,-3
inai,-4
impoten,-5
implikasi,-3
implementasi,-4
impas,-3
iming-iming,-3
imbesil,-5
imbas,-4
iman,-3
imam,-3
image,-2
iluminasi,-3
ilat,-5
ilang,-5
ikut-ikutan,-3
ikat janji,-4
ikat,-5
ikan kena tuba,-4
ijab,-4
ihwal,-4
igauan,-3
igau,-3
ifrit,-4
idk,-3
idiot,-5
idih,-3
idap,-5
idam,-2
ibunda,-5
iblis,-4
iba,-5
hutang,-5
hunjam,-4
huni,-3
huma,-4
hulu,-3
hukum,-3
hujat,-5
huhuu,-4
huhuhu,-2
huda,-3
hubungan singkat,-4
hot,-4
horor,-5
hop,-5
hoki,-3
hoax,-5
hitam,-4
histeris,-4
histeria,-5
hisap,-3
hirup,-3
hiruk-pikuk,-3
hiruk,-4
hirap,-3
hipotesis,-3
hingar,-5
hinaan cacian,-5
hinaan,-5
hina rendah,-3
hina aib,-4
hina,-5
himpunan,-4
himpun,-3
himpit,-4
hilang semangat,-4
hilang pikiran,-4
hilang nyawa,-5
hilang ingatan,-4
hilang ingat,-4
hilang hayat,-4
hilang arwah,-4
hilang akal,-5
hilang,-4
hih,-4
hidung,-5
hidu,-1
hiatus,-2
henyak,-4
henti tugas,-2
henti,-4
hengkang,-4
hempas,-4
hembus,-3
hemat,-3
heboh,-3
hayoloh,-3
hayat,-2
hawar,-5
hawa,-4
hati-hati,-3
haters,-5
hate,-5
hasud,-5
hasan,-4
hasad,-5
haru biru,-5
harmonis,-1
hardikan,-5
hardik,-5
harap-harap cemas,-3
harap-harap,-5
hapus,-3
hanya,-3
hantu,-4
hantaman,-3
hantam kromo,-4
hantam,-5
hangus,-3
hangit,-5
hangat,-3
handai,-4
hancur lebur,-5
hancai,-5
hamster,-3
hampa,-5
hamil,-5
hamik,-3
hamburan,-3
hambur,-3
hambat,-4
hambar,-3
hama,-3
halilintar,-3
halang,-3
halah,-5
hakiki,-4
hakam,-3
hajat,-5
hajar,-5
haih,-4
hadirin,-3
hadir,-3
hadeh,-4
hadang,-5
hack,-4
habitat,-2
habis akal,-5
habis,-3
guyon,-4
gusur,-5
gusar,-3
gurun,-3
guruh,-3
gurub,-5
gurauan,-4
gurau,-4
guram,-2
guntur,-3
gunjingan,-5
gundukan,-4
gunduk,-3
gundik,-2
gundal,-3
gundah,-5
guncangan,-2
guncang,-3
gulung tikar,-5
gulir,-3
guling,-3
gulana,-4
gugus,-4
gugur,-3
gugup,-5
gugatan,-5
gugah,-1
gubuk,-2
gubrisan,-2
gubris,-2
grup,-4
grogi,-4
griya,-1
grip,-4
grecok,-4
goyang,-4
goyah,-4
got,-3
gosip,-5
gosah,-3
gorong-gorong,-4
gores,-3
gorek api,-4
goodbye,-3
gontok,-4
gonjak,-5
gonggongan (anjing),-3
gonggong anjing,-3
gone,-2
gondok,-4
goncang,-3
gombong,-3
golek,-1
golak,-5
gohong,-3
gogrok,-3
goblok,-5
gobar hati,-2
globe,-3
gjd,-3
giwang,-1
gituan,-3
giniin,-2
gingsir,-3
ginding,-4
gili-gili,-3
gilas,-4
gilak,-4
gila-gilaan,-3
gila-gila,-4
gila,-4
gila,-5
gigit,-2
gigil,-4
gidik,-4
gibah,-3
giang,-3
getun,-4
getol,-3
getir,-4
getaran,-3
getar,-3
getap,-4
geser,-5
gesek,-3
geruh,-4
gertak,-5
gersang,-3
gerombong,-4
gerombolan,-4
gerombol,-4
gerobak,-4
germo,-5
gering hulu,-4
gering,-5
geriap,-4
gerhana,-2
gergaji,-1
geretan,-4
geret,-3
gerepes,-4
gerenyot,-4
geregetan,-4
gerecok,-4
gerah,-5
gepok,-5
gentas,-2
gentar,-4
genjang,-4
genitalia,-3
genit,-3
generasi,-3
gendut,-3
gendeng,-2
gendak,-5
gencet,-5
gencat,-5
genap,-3
genangan,-2
genang,-2
genah,-5
gemuruh,-3
gemuk,-3
gempuran,-3
gempur,-4
gempita,-5
gempil,-4
gempar,-2
gempal,-2
geming,-4
gemetar,-3
gemes,-2
gemeletek,-4
gembung,-3
gembul,-3
gembrot,-3
gembol,-4
gemblung,-3
gembira,-3
gembil,-4
gembel,-5
gemaung,-3
gemas,-5
gemar,-1
gemal,-5
gelung,-3
geluncur,-3
geluduk,-3
gelora,-2
gelopak,-4
gelongsor,-4
gelogok,-3
gelo,-2
gelisah,-5
gelis,-3
gelinjang,-3
gelingsir,-3
gelincir,-3
gelicik,-3
gelibat,-2
geliat,-3
geli,-2
geletik,-3
geletar,-4
gelesot,-3
geleng,-3
gelegak,-3
geledek,-2
geledah,-3
gelecik,-4
gelebah,-2
gelatak,-4
gelap,-4
gelantung,-4
gelanggang,-3
gelagat,-4
gelagap,-2
geladir,-5
geladah,-3
gela,-3
gejolak,-3
gegetun,-4
geger,-3
gegara,-3
gegar,-3
gegap,-5
gegadan,-5
gegabah,-5
gedor,-4
gedembai,-4
gede,-2
gedang,-4
gebung,-5
gebu,-3
gebos,-3
gebok,-3
geblek,-5
gebetan,-2
gebang,-4
gbs,-2
gblk,-4
gayung,-4
gawat,-5
gausah,-4
gausa,-3
gaung,-3
gaul,-3
gatel,-3
gatau,-1
gatal,-3
gasuka,-4
gastroenterologi,-5
gasak,-5
gas,-4
garwa ampil,-5
garuk,-3
garu,-4
garit,-3
garis bawah,-3
garis,-3
garib,-4
garang,-5
gara-gara,-5
gara,-4
gapura,-4
gapuk,-3
gapil mulut,-4
gapernah,-3
gapaham,-4
ganyang,-4
gantung,-3
ganti,-5
ganteng,-4
ganjil,-4
ganjaran,-5
ganjar,-3
ganjal,-5
gangsar,-3
gangguin,-3
gangguan jiwa,-4
ganggu jiwa,-4
ganggu,-4
ganggang,-3
gangerti,-3
gang,-4
ganda,-3
ganas,-5
ganar,-4
gamungkin,-3
gampang,-3
gamblang,-5
gambar,-3
gamau,-4
gamat,-5
gamang,-3
gamam,-4
gamak,-4
galian,-3
galas,-4
galak panas,-3
galaba,-5
gakuat,-3
gajih,-2
gaje,-3
gajadi,-3
gairah,-2
gaib,-5
gagu,-3
gagar,-3
gagap,-5
gagal,-4
gagah,-1
gaenak,-3
gadang,-4
gadai,-3
gacoan,-2
gaco,-2
gabutuh,-3
gabut,-5
gabuk,-4
gaboleh,-4
gabole,-2
gabas,-5
gabal,-5
gabakal,-4
gabaik,-3
gaakan,-2
gaada,-3
fulanah,-3
frustasi,-3
friksi,-5
fosil,-4
forum,-3
formal,-3
fondasi,-3
folder,-5
fokus,-2
flu,-3
fk,-4
fitnah,-5
fiskal,-3
firasat,-4
final,-2
filsafat,-3
filo,-3
filantropi,-1
fiksi,-2
feses,-5
fatal,-5
fasilitas,-4
fasid,-5
faring,-5
farak,-3
faktor,-4
fakta,-3
fakir,-5
fail,-5
fadihat,-5
ex,-1
esensial,-4
erti,-2
error,-5
eroton,-4
erotis,-4
erotan,-4
erot,-4
eror,-4
erik,-3
erangan,-3
erang,-4
epigon,-3
epidemi,-5
enyah,-4
enteng,-2
entak,-3
entah-berentah,-3
entah,-3
enggan,-5
engah,-4
energik,-1
enek,-4
endus,-3
endemi,-5
encok,-5
enas,-5
empot-empotan,-5
empos,-3
emper,-3
empedal,-5
empas,-3
empap,-3
empang,-3
empal,-4
emosi,-5
emmm,-2
emg,-1
emergensi,-4
embus,-3
embek,-3
embat,-4
embarau,-3
embal,-4
embah,-3
elusif,-2
elusan,-3
elu,-2
elegan,-1
elak,-3
el,-3
ekstrem,-4
ekstasi,-3
ekspres,-3
ekspos,-4
eksplisit,-2
ekspirasi,-3
ekshibisi,-3
eks,-3
ekor,-3
ekofraksia,-5
eklektis,-3
ekang,-4
ejekan,-4
ejek,-4
ejakulasi,-3
egois,-5
ego,-3
eek,-5
edaran,-3
edan,-3
ecer,-2
eban,-4
dwiganda,-3
dursila,-5
durkarsa,-5
durjana,-5
duri,-4
durhaka,-5
dura,-3
dupleks,-3
dunia,-2
dungu,-5
dungkul,-4
dum,-3
duli,-3
dukun,-3
dukacita,-3
dukacarita,-4
duka,-5
duh,-4
dugal,-5
duga,-1
duet,-2
duel,-4
duduk perut,-3
duaja,-3
dua kali,-3
dua,-3
drop,-3
draw,-3
drastis,-4
drama duka,-4
drama,-4
down,-3
dosa,-4
dongo,-5
dongok,-5
dongkol,-5
dongkel,-3
dongeng,-1
dompleng,-3
domot,-5
dominan,-2
domba,-3
doktrin,-3
dogol,-5
dogma,-3
dobrak,-4
dobel,-3
doang,-1
divergensi,-4
diusir,-4
ditolak,-4
ditinggal,-4
ditidurin,-4
disuruh,-2
distorsi,-4
distingsi,-4
disparitas,-4
diskrepansi,-3
diskredit,-4
disimilaritas,-4
diserang,-4
disentri,-5
disalahin,-3
disakiti,-5
direksi,-3
diplomasi,-5
dipanggil,-1
dipamerin,-3
dipaksa,-4
dinistain,-4
dingin,-5
dinasti,-3
dimarahin,-5
dilupain,-4
diliatin,-3
dilema,-3
dilarang,-3
dikit,-4
diketawain,-4
dikatain,-3
digresi,-4
digituin,-2
diginiin,-3
digantung,-3
diet,-3
diem,-3
die,-4
diduain,-3
didik,-3
didih,-4
dibully,-5
dibuang,-3
diblock,-4
dibalik,-3
dibales,-3
diare,-4
diapain,-3
diancurin,-3
diam,-3
dialog,-3
diajarin,-3
dewan,-3
detektif,-3
detak,-3
destar,-4
deskripsi,-4
desir,-2
desersi,-3
desau,-3
desas-desus,-5
desak,-4
desah,-3
derum,-4
deru,-3
derita,-5
dering,-3
deriji,-4
derek,-5
deras,-3
derai,-3
deraan,-5
depresi,-4
depak,-3
denyut,-2
dengut,-3
dengus,-3
dengung,-3
dengu,-3
dengkur,-3
dengkul,-3
dengkik,-4
dengki,-5
denger,-3
dendeng,-4
dendam berahi,-4
dendam,-5
denai,-4
dempet,-3
demonstrasi,-3
demon,-3
demo,-3
demen,-3
demek,-4
delete,-3
delegasi,-4
delay,-3
deklarasi,-3
dekil,-5
dekap,-2
dekadensi,-5
dekaden,-5
degub,-3
degil,-5
defisit,-3
defekasi,-5
dedengkot,-2
dedemit,-4
dedak,-3
debu,-3
debil,-5
debar,-3
death,-3
daya upaya,-4
daya tampung,-2
daya serap,-2
daya pikir,-2
daya muat,-2
datuk,-4
datang hati,-5
darurat,-4
darat,-3
daras,-5
darah,-5
dapra,-3
danyang,-4
dangkung,-3
dangkar,-4
dangkap,-3
dangkal,-4
dampratan,-5
damprat,-4
dampak,-3
dam,-3
dalil,-3
dalih,-4
dalem,-2
dalang,-3
dalalah,-5
dalal,-3
daki,-4
dakap,-3
dajal,-5
daing,-4
daif,-3
dahlah,-3
dahiat,-5
daging tumbuh,-4
dabih,-3
cuti,-2
cutel,-4
curu,-3
curna,-5
curiga,-4
curi,-5
curhat,-3
curcol,-3
curat,-1
curang,-5
cura,-3
cupul,-5
cupet,-5
cunam,-3
cumbuan,-3
cumbu,-3
cuka jawa,-5
cuka belanda,-5
cuekin,-3
cuek,-5
cucut,-3
cucup,-3
cuca,-3
cubit,-3
cuat,-3
cuak,-4
cuai,-4
cry,-3
crash,-4
cotok,-3
coretan,-1
coret,-1
corengmoreng,-4
coreng moreng,-4
copot,-3
coplok,-3
conteng,-3
congor,-3
congkel,-4
congkak,-3
congek,-3
condong,-5
compes,-4
compeng,-4
comot,-4
comel,-1
comeback,-2
comblang,-5
comberan,-4
colong,-5
colok,-3
coleng,-4
colak-caling,-5
cokol,-4
cocor,-3
cobaan,-5
closed,-3
close,-2
classy,-2
claim,-3
ciut,-3
ciuman,-3
cirit,-5
ciplak,-3
cintrong,-1
cingangah,-4
cincong,-5
cimeng,-3
cilok,-3
cikun,-5
cicik,-4
cibir,-5
cetusan,-1
cetus,-1
cetera,-4
cetek,-3
cerup,-3
ceruk,-3
ceronggah,-4
ceroboh,-5
cerna,-5
ceriwis,-4
cerita rekaan,-4
cerita khayal,-2
cerita burung,-5
cerita anak,-4
cerita,-4
ceria,-1
cerewet,-5
cercah,-5
cercaan,-4
cerca,-4
cerai-berai,-5
cerai,-4
ceracau,-4
ceracam,-4
cerabih,-4
cerabah,-5
cepol,-4
centang,-5
cengung,-3
cengkerama,-2
cengkeram,-5
cengkedi,-4
cengger,-3
cengeng,-4
cengang,-3
cenderung,-2
cendekia,-4
cendala,-5
cencala,-5
cena,-3
cemuas,-4
cempung,-4
cemplung,-4
cempera,-5
cempeng,-4
cempelung,-5
cempek,-4
cempala mulut,-5
cemoohan,-4
cemooh,-5
cemong,-4
cemomot,-4
cemeti dewa,-2
cemerlang,-1
cemeh,-4
cemeeh,-4
cemburu,-5
cembung,-3
cemberut,-4
cemat,-5
cemas,-3
cemar,-5
cema,-5
celuk,-3
celoteh,-4
celopar,-4
celonok,-3
celomok,-4
celomes,-4
celih,-4
celetuk,-5
celemotan,-4
celampak,-3
celaka,-5
celah,-3
celaan,-5
cela,-4
cekung,-4
cekuh,-3
ceku,-5
cekok,-3
cekluk,-4
cekau,-2
cekatan,-3
cekat,-4
cekang,-3
cekak,-3
cekah,-4
cegat,-3
cegak,-4
cegah,-2
cedih,-3
cedera,-4
cedayam,-2
cecunguk,-5
ceceran,-3
cecer,-3
cecap,-5
cebur,-5
cebik,-3
catut,-3
catak,-4
carut,-5
caruk,-4
caplok,-3
caplak,-4
capit,-3
capek,-4
cape,-4
capak,-4
capai,-5
cantrik,-3
cangkum,-3
cangkul,-4
canggung,-4
candu,-3
candala,-5
candal,-5
canda,-3
campur aduk,-2
camping,-3
campakkan,-4
campak,-4
calit,-5
calar,-3
cakus,-4
cakap angin,-4
cakap,-4
cair,-1
caing,-3
cahari,-3
cagaran,-3
cadas,-3
cadang,-5
cacing tanah,-4
cacing tambang,-2
cacing rambut kuda,-4
cacing pita,-4
cacing pipih,-4
cacing palolo,-4
cacing keremi,-4
cacing kentar,-4
cacing karawit,-3
cacing kalung,-4
cacing jantung,-4
cacing hitadid,-4
cacing hati,-2
cacing ginjal,-4
cacing gilig,-4
cacing gila,-4
cacing gelang-gelang,-4
cacing es,-4
cacing,-4
cacian,-5
caci maki,-5
caci,-5
cacauan,-4
cacau,-5
cacatan,-5
cacat,-5
cabut,-5
cabul,-5
cabuh,-3
cabik,-3
cabean,-3
cabe,-2
cabau,-3
cabar,-4
caba,-4
bye,-3
buyut,-3
butut,-5
butuh,-5
butek,-3
buta hati,-4
buta,-3
busut,-4
busuk,-5
buruk,-5
buru-buru,-3
buru,-3
buras,-4
buram,-3
burai,-5
bunyi,-1
bunuh,-5
buntung,-5
buntu,-3
bunting,-3
buntet,-2
buntang,-4
bungsu,-3
bungkam,-4
bunduk,-3
bundel,-5
bundak,-3
buncit,-3
buncah,-5
bulus,-5
buluh,-3
bulsak,-4
bully,-5
bulevar,-4
buletin,-3
bulat,-3
bulan-bulanan,-4
bulan,-1
bukti,-3
bukat,-4
bukannya,-3
bukan,-3
bujukan,-3
buhuk,-4
bufer,-3
budek,-3
bucu,-3
bubuk,-5
buas,-5
buari,-4
buang-buang air,-5
buangan,-4
buang nyawa,-5
buang hajat,-5
buang air kecil,-3
buang air besar,-5
buang air,-5
buang,-3
bualan,-4
bual,-4
buah simalakama,-3
buah hati,-3
buah dada,-3
buah bibir,-2
buah,-3
bruto,-3
brutal,-5
bromocorah,-5
broker,-3
brokat,-4
brengsek,-5
boyak,-5
bot,-2
bosun,-4
bosman,-4
bosen,-4
boros,-5
borong,-1
borok,-5
boro,-2
borak,-4
bopong,-3
boong,-4
bonus,-3
bongsor,-2
bongok,-3
bongkong,-3
bongkar-bangkir,-5
bongkar,-3
bongkak,-3
bongkah,-2
bonggol,-4
bongak,-5
bondot,-5
bondong,-4
bombastis,-3
bom,-1
bolsak,-4
bolos,-3
bolong,-3
boleh juga,-3
boksen,-5
boker,-3
bokep,-5
bokek,-5
bohong,-5
bogum,-3
bogem mentah,-5
bogem,-5
bodoamat,-4
bodo,-5
bocor,-4
bobroq,-4
bobrok,-5
bobot,-5
bobol,-4
blur,-4
bloon,-3
blokir,-3
block,-4
blobor,-3
blaster,-3
blangko,-3
biut,-5
bisul,-4
bisu,-3
bison,-3
bisikan,-2
bisik,-2
bisain,-2
birokrat,-3
birah,-3
bir,-5
bini gelap,-5
bingit,-5
binasa,-5
bimbang,-5
bilik,-3
biksah,-5
bijih,-3
biji mata,-3
bidik,-2
bidas,-5
bidai,-4
bidah,-3
bicu,-3
biasin,-3
biasa,-5
bias,-2
biarpun,-3
biarkan,-3
biarin,-3
biarawati,-3
biang keladi,-4
biadab,-5
bhay,-3
beud,-2
betung,-3
beton,-2
betina,-2
beterjunan,-5
beterbangan,-3
bete,-5
betas,-3
beta,-3
besot,-3
besit,-2
besi tua,-4
besar rabu,-3
besar perut,-3
besar lengan,-2
berzina,-4
berzikir,-3
berziarah,-4
berwarna,-3
berusuh,-5
berus,-4
berurine,-3
beruntun,-3
berumur,-2
berumpun,-3
berumah tangga,-4
berulah,-4
berugi,-5
berubah ingatan,-3
berubah akal,-2
bertuntun,-2
bertunjangkan,-4
bertunas,-2
bertunangan,-4
bertumpuk,-4
bertumbukan,-4
bertumbuk,-4
bertumbangan,-3
bertukar akal,-4
bertudung lingkup,-5
bertubrukan,-4
bertuah,-3
bertransformasi,-3
bertonggakkan,-4
bertolak,-2
bertokok,-3
bertitikan,-3
bertinju,-4
bertingkuh,-4
bertingkat,-4
bertindik,-3
bertindak,-4
bertimpa-timpa,-3
bertimbang,-3
bertimbal,-3
bertikai pangkai,-4
bertikai,-5
bertian,-3
bertetesan,-3
berterima,-3
berteraskan,-4
bertentangan,-4
bertengking,-4
bertengkaran,-4
bertengkar mulut,-5
bertengkar,-5
bertendensi,-3
bertemu roma,-4
bertempiar,-3
bertemperasan,-3
bertelingkah,-4
bertelinga merah,-3
bertelinga lembut,-3
bertelimpuh,-3
bertele-tele,-3
bertelanjang,-3
bertekuk lutut,-3
bertekak,-4
berteduh,-2
bertebaran,-5
bertautan,-4
bertasyakur,-4
bertarak,-3
bertara,-3
bertapakkan,-4
bertapa,-3
bertanya-tanya,-3
bertangkap,-3
bertanduk,-2
bertanding,-4
bertandang,-4
bertamu,-4
bertambun,-3
bertalun-talun,-3
bertala-tala,-3
bertaki,-3
bertaburan,-5
bertabrakan,-4
bersusila,-4
bersusah hati,-5
bersusah,-5
bersurai,-3
bersungkawa,-3
bersungguh-sungguh,-1
bersuka-sukaan,-3
bersuka-suka,-3
bersokom,-4
bersiteguh,-4
bersitegang,-4
bersisalak,-4
bersipongang,-3
bersinggungan,-3
bersimpuh,-3
bersimbah,-3
bersilih,-3
bersila,-4
bersikukuh,-4
berseteru,-4
bersesal,-4
bersesak-sesak,-3
berserikat,-3
berserakan,-5
berserah,-4
bersepai,-5
bersentuh,-5
bersengketa,-4
bersengaja,-2
bersendikan,-4
bersendi,-4
bersenda gurau,-4
bersempuras,-3
bersempena,-3
bersembahyang,-3
bersemayam,-3
berseloroh,-4
berselisih,-5
berselingkuh,-5
berselawat,-3
berselang,-3
bersekutu,-5
bersekongkol,-4
bersedih,-5
bersara,-3
bersangkut,-4
bersangkal,-5
bersanggit,-5
bersanggama,-2
bersanding,-5
bersandarkan,-4
bersalahan,-4
bersalah,-4
bersabung nyawa,-3
bersaba,-3
berputar-putar,-4
berpusu,-3
berpura-pura,-4
berpucuk,-4
berpuak-puak,-4
berpuaka,-3
berproses,-3
berprasangka,-3
berpoleng,-3
berpijar,-3
berperang mulut,-3
berperang hati,-4
berperang,-4
berperai-perai,-5
berpengaruh,-2
berpengalaman,-1
berpencaran,-3
berpencar,-5
berpasuk,-3
berpasrah,-2
berpasangan,-3
berpartai,-3
berparak,-4
berpangku tangan,-4
berpalit-palit,-4
berpadu,-3
berpada-pada,-3
berpacaran,-3
beroperasi,-4
berongga,-3
berona,-3
beromong kosong,-4
berombongan,-4
berolok-olok,-4
berogak-ogak,-4
bernyali besar,-1
bernyali,-2
bernuansa,-3
bernoda,-4
bernas,-3
bermusuhan,-4
bermuram durja,-5
bermukim,-4
bermukah,-4
bermotif,-3
bermoral,-4
bermohon,-2
bermetamorfosis,-3
bermesraan,-3
bermain-main,-2
berlutut,-2
berluruhan,-3
berlubang,-3
berlompatan,-5
berlipat,-3
berlinang,-3
berliku-liku,-4
berlik,-4
berlibat-libat,-4
berlepasan,-3
berlengkesa,-3
berlelehan,-3
berlebih-lebih,-4
berlebih,-3
berlawanan,-4
berlarian,-5
berlarat-larat,-4
berlara-lara,-4
berlanggaran,-4
berlangau,-4
berlama-lama,-2
berlalu dr dunia,-5
berlalu,-5
berlainan,-4
berlaga,-4
berkurap,-4
berkurangan,-3
berkurang,-3
berkupak,-3
berkumandang,-3
berkuliah,-4
berkuat,-4
berkonspirasi,-4
berkongkalikong,-4
berkomplot,-4
berkolusi,-5
berkobar-kobar,-2
berkisar,-3
berkilah,-4
berkhianat,-5
berketar-ketar,-3
berkerut,-2
berkerumun,-4
berkerubung,-4
berkeras-kerasan,-4
berkeras hati,-3
berkerak,-2
berkeping-keping,-5
berkemih,-3
berkembang biak,-3
berkemas-kemas,-2
berkemandang,-3
berkemam,-3
berkemal,-4
berkeluarga,-4
berkelompok-kelompok,-4
berkelok-kelok,-2
berkelir,-3
berkelakar,-4
berkejaran,-3
berkecenderungan,-3
berkecandan,-4
berkecamuk,-4
berkecai,-5
berkeberatan,-4
berkarut,-5
berkarat,-4
berkalang tanah,-2
berkabut,-3
berkabung,-5
berjubal,-3
berjihad,-3
berjejas,-5
berjejal-jejal,-3
berjejal,-3
berjejak,-3
berjauh hati,-3
berjatuhan,-3
berjarak,-4
berita,-4
beringsut,-3
beringat,-3
beringas,-4
beribadat,-3
beri,-2
berhujah,-4
berhimpun,-4
berhenti (tugas),-2
berhelat,-4
berhati-hati,-2
berhati walang,-3
berharap,-3
berhanyut,-4
berhantaran,-5
berhandai-handai,-3
berhamburan,-5
berhala,-4
berguyub,-3
bergurau senda,-4
bergurau,-4
bergundang,-5
berguncang,-5
bergumul,-4
bergumam,-3
bergulir,-3
bergulat,-4
berguguran,-3
berguam,-4
bergoyah,-4
bergosokan,-3
bergosok,-3
bergontok,-4
bergolak,-5
bergetar,-3
bergeser,-4
bergesel,-3
bergesek,-3
bergerombolan berkawanan,-4
bergerombol,-4
bergemuruh,-3
bergembung,-3
bergemam,-3
bergema,-4
bergelut,-4
bergelora,-2
bergelegak,-3
bergelanggang,-3
bergejolak,-3
bergaung,-3
bergaul,-3
bergas,-2
berganggang,-3
berganduh,-3
berganda,-3
bergamit,-3
bergajul,-5
bergairah,-3
bergaduh,-5
bergadang,-4
bergabung,-4
berenti,-3
berengsek,-5
berengsaan,-4
beregu,-3
beredak,-5
berduyun-duyun,-3
berdusta,-4
berduka,-5
berduaan,-3
berdosa,-4
berdompol,-4
berdikit-dikit,-3
berdiam,-3
berdesir,-2
berdesakan,-3
berderum,-4
berdenyut,-3
berdengus,-3
berdengung,-3
berdekus,-3
berdebat,-5
berdaulat,-3
berdasarkan,-4
berdarah dingin,-4
berdansa,-4
berdalih,-4
berdakwa,-4
bercura,-4
bercumbu-cumbu,-3
bercumbuan,-3
bercumbu,-4
bercucuran,-5
bercorak,-3
bercokol,-4
bercintaan,-3
bercikun-cikun,-5
bercerai-berai,-5
bercempera,-5
berceloteh,-4
bercelah,-3
bercekit,-4
bercekcok,-4
bercekak,-3
bercedera,-4
bercat,-3
bercaran,-4
bercakar-cakaran,-4
bercak,-5
berburuk,-4
berburu,-3
berbondong-bondong,-3
berbohong,-4
berbisa,-5
berbiak,-3
berbenturan,-4
berbelit-belit,-4
berbeda,-4
berbecak-becak,-3
berbayar,-3
berbantahan,-3
berbantah,-5
berbanding,-3
berbalik,-5
berbahaya,-4
berbadan dua,-3
berbabil,-4
berawan,-3
berat tulang,-4
berat telinga,-3
berat tangan,-4
berat pinggul,-2
berat otak,-4
berat kepala,-5
berat hati,-4
berat ekor,-4
berasimilasi,-3
berasak,-3
berapit,-4
berapat-rapat,-3
berantem,-4
berantara,-3
berantakan,-5
berantak,-4
beranjak,-3
berangsur,-3
berangsang,-5
berangkat,-4
berangkal,-3
beranggar lidah,-3
berangan,-3
berangai,-5
berang,-5
berandalan,-5
beranda,-3
beranang,-3
beranak pinak,-3
beranak cucu,-3
beranak bercucu,-3
beramuk-amukan,-4
beramuk,-4
berambu-rambu,-4
beralih bentuk,-3
beralih,-3
beralaskan,-4
beralasan,-4
berakhlak,-4
berakar,-3
berak air,-4
berak,-4
berair,-1
berahi,-5
beragam,-3
beraduk,-3
beradu mulut,-4
beradu lidah,-3
beradu,-4
beperkara,-4
beol,-5
benyot,-4
bentul,-3
bentrok,-5
bentang,-3
bentan,-4
bentakan,-5
bentak,-5
benjut,-4
bening,-4
benguk,-2
bengok,-4
bengkok,-4
bengkerap,-4
bengkak hati,-3
bengkak,-4
bengis,-5
bengap,-3
bengal,-4
bener,-1
bendung,-3
bendu,-4
bendoro,-4
benderang,-3
bendera,-3
bendel,-5
bencong,-5
benci,-5
bencat,-5
bencana,-5
benar,-4
benak kepala,-3
benah hati,-3
belulang,-3
belu-belai,-4
belot,-5
beloon,-3
belom,-1
beloh,-5
belit,-3
belis,-4
belinjo,-3
belingsat,-4
beling,-1
belia,-2
beleter,-4
belenggu,-3
belendung,-3
belembang,-5
belati,-4
belang,-5
belam,-3
belaka,-1
belah ketupat,-4
bekicot,-4
bekap,-3
bejat,-5
begundal,-3
beguk,-4
begu,-4
begitu saja,-2
beginian,-3
begana-begini,-4
begal,-5
begak,-3
begah,-2
begadang,-3
bedol,-4
bedeng,-3
bedel,-4
bedegong,-4
bedegap,-2
becus,-4
becek,-4
becak,-5
beber,-2
bebel,-5
bebat,-3
beban,-5
bebal,-3
bayu,-4
bayi,-3
bayar,-3
baya,-4
bawel,-4
bau tanah,-4
bau kencur,-4
bau,-4
batung-batung,-4
batuk-batuk,-4
batuk lelah,-4
batuk kering,-3
batuk kecil,-4
batuk darah,-4
batuk,-4
batu loncatan,-3
batu berdahak,-4
batu,-2
batil,-4
baterai,-3
batel,-4
batas waktu,-3
batas (waktu),-3
batas,-3
batang,-4
batalion,-5
batal,-5
bastar,-2
basmi,-5
baskom,-4
basi,-5
barzakh,-4
barua,-5
barkas,-5
baret,-3
bareng,-3
barbar,-5
bara,-3
bapet,-4
baperan,-4
baper,-4
banyol,-3
banyak omong,-4
banyak mulut,-4
banyak cincong,-4
banyak cakap,-4
banyak bicara,-3
banting,-3
bantet,-3
banteng,-3
bantar,-4
bantai,-5
bantah,-3
banjir,-4
bangsawan,-3
bangsat,-5
bangsal,-3
bangle,-4
bangkrut,-5
bangkot,-4
bangkit,-4
bangkang,-4
bangkai,-4
bangbung,-4
bangang,-3
bangan,-3
bandung,-1
bando,-4
bandit,-5
banding,-3
bandel,-5
bandar,-4
bandang,-4
banci,-5
bancang,-5
banat,-4
banal,-3
bambung,-3
bambu,-3
balur,-4
balung,-4
balkon,-3
balik gagang,-5
balik akal,-4
balik adab,-5
balik,-3
balesnya,-2
bales,-3
balela,-4
balas,-5
balairung,-3
balai,-3
bala bencana,-5
baktau,-5
bajing,-5
bajak,-4
bait,-3
bain,-2
baiat,-3
bahtera,-3
bahlul,-5
bahaya,-4
bahala,-3
bagal,-3
bagaimana pun,-2
badung,-4
badmood,-4
badan,-3
badai,-4
bad,-4
bacot,-4
bacok,-4
bacar mulut,-4
babu,-5
bablas,-5
babil,-4
babi,-4
babar,-1
babak,-4
bab,-4
azimat,-4
azab,-5
ayunan,-3
ayun,-3
ayat,-4
ayal,-3
awut-awutan,-5
awut,-4
awur,-4
awi,-3
awas,-3
awan kelabu,-3
awa-,-3
auta,-4
aus,-5
aurat,-2
aur,-3
atut,-2
atur,-4
atribut,-3
atresia,-3
atraktif,-2
ati,-3
aswad,-4
asusila,-5
asumsi,-3
asuh,-2
astaghfirullah,-3
astagfirulloh,-4
astagfirullah,-4
aspiran,-5
asosiasi,-4
asor,-5
asmara,-4
asih,-1
asid,-5
asfal,-5
asasi,-3
asan tak asan,-5
asam,-5
asal-asalan,-5
asal usul,-4
asak,-3
asaaaaaa,-3
arus udara,-4
aru-aru,-4
aru,-5
artistik,-2
artikel,-4
arsip,-5
armada,-5
arik,-3
argumen,-4
arca,-3
arbitrer,-5
aram,-3
apkiran,-4
apkir,-4
apiun,-3
apit,-3
api-api,-4
api,-2
apes,-5
apek,-4
apatis,-5
apasih,-4
apasi,-3
apas,-3
aparatus,-3
aparat,-3
apanya,-3
apalah,-2
apaan,-4
anyir,-4
anut,-3
anugerah,-1
anu,-5
antusias,-3
antun,-3
antuk,-4
antitesis,-3
antisipasi,-1
antipati,-3
anti,-2
antem,-4
antek,-3
antap,-5
antagonisme,-4
anom,-4
anjuran,-2
anjur,-2
anjungan,-3
anjlok,-4
anjis,-1
anjir,-3
anjing tanah,-5
anjing,-4
anjg,-5
anjer,-3
anjeng,-5
anjak,-3
aniaya,-4
anglo,-4
angkup,-3
angkot,-1
angkatan,-5
angkat topi,-4
angkat tangan,-5
angit,-5
angin lalu,-5
angguran,-4
anggur,-4
anggota,-3
anggara,-4
anggai,-3
anekdot,-4
aneh,-4
andeka,-3
ancaman,-4
ancam,-4
ancai,-5
anarki,-4
analitis,-4
anak pinak,-3
anak penak,-3
anak cucu,-3
anak bukit,-4
anak bedil,-3
anak bawang,-2
anak air,-4
amuk,-5
amtenar,-3
ampel,-3
ampas kopi,-2
ampas (kopi),-2
ampas,-3
ampai,-4
amoral,-3
amor,-4
amit,-4
ametis,-4
amburadul,-5
ambruk,-5
ambles,-4
amblas,-3
ambiguitas,-5
ambigu,-3
ambau,-5
ambalan,-4
ambai,-5
amatin,-2
amat sangat,-3
amarah,-5
amandel,-5
amah,-5
alur,-4
alpa,-3
alone,-3
alobar,-4
alku,-5
alkisah,-4
aliran udara,-1
alir udara,-1
aliansi,-4
alergi,-3
albumnya,-2
album,-2
alay,-4
alat vital,-2
alat negara,-3
alat kelamin,-3
alangkah,-2
alamiah,-3
alai-belai,-3
alah,-4
aksioma,-3
aksa,-4
akik,-3
akibat,-3
akas,-2
akar,-3
ajuk,-5
aju,-3
aji,-3
ajar,-3
ajang,-3
ajal,-4
air liur,-2
ain,-5
aiku,-5
aib,-5
ahmak,-3
agen rahasia,-3
agen,-3
agar,-3
afiliasi,-4
afeksi,-2
aduk,-3
aduh,-3
adu,-3
adon,-4
adimarga,-4
adiktif,-4
adegan,-4
addict,-3
adang,-3
acuh tak acuh,-3
acu,-4
acoan,-5
aco-acoan,-5
acau,-4
acak-acakan,-5
acak,-5
abur,-5
abuk,-3
abu-abu,-2
abu,-2
absurd,-2
absorpsi,-1
abses,-4
absen,-3
aborsi,-3
abolisi,-3
abnormalitas,-4
abis,-2
abg,-2
abdi negara,-3
abar-abar,-5
abaikan,-2
abai,-3
aba-aba,-3
aahh,-3
(tua) uzur,-3
(olahraga) bokser,-5
(barang) bekas,-4
larang,-3
cakah,-3
ee,-5
jara,-5
jaraa,-5
kada,-3
kd,-3
hirang,-5
hirangg,-5
karas,-4
pahit,-5
mengenai,-2
melarangi,-2
perangutan,-5
lunuh,-1
serabaan,-4
liwar,-4
sawat,-4
bekarak,-5
rigat,-5
muyak,-5
uyuh,-5
sangkal,-5
penyarikan,-4
sarik,-5
mantah,-5
kujuk,-4
tampias,-3
kelawasan,-4
haur,-3
iyuh,-4
lanji,-5
harat,-3
meleber,-5
supan,-4
bulikan,-3
bulik,-3
bulang,-4
kadada,-3
kdd,-3
bonor,-1
kolestrol,-4
lama,-5
lamaa,-5
lamaaa,-5
gak,-5
non,-3
no,-3
b,-5
jeraaaaaaa,-4
jack,-5
takutan,-4
mengeluarkan,-3
kecewa,-3
lws,-4
uneg,-4
komen,-4
komenny,-4
nasib,-3
hangittt,-5
biawak,-4
bakarak,-5
unek,-4
buaya,-4
mentah,-5
marigat,-5
ampihan,-3
prengat,-5
prengut,-5
merangut,-5
bajakkk,-4
besisa,-4
g,-4
garing,-5
telattttttt,-5
angut,-5
ngalih,-3
lawass,-5
lawasss,-5
rigatt,-5
lwas,-5
meraju,-5
dmurni,-5
murni,-5
timbul,-4
lmbattttt,-5
raum,-4
nunggu,-5
nungguny,-5
membuliki,-5
bekuridak,-5
kuridak,-5
tejarai,-5
lws,-4
sekali,-4
mahangit,-5
sunyi,-3
salang,-4
nunggui,-4
pokok,-1
tambak,-3
gilir,-2
kyp,-3
wi,-4
uji,-2
hdglah,-2
mamai,-5
mehdg,-2
saurang,-3
bosan,-4
tantrum,-5
sorang,-5
bejaja,-5
asa,-2
malah,-3
kaitu,-3
ceritanyaaa,-3
kaloo,-3
mungkin,-3
harang,-5
ga,-3
gk,-3
lambat,-5
gosong,-5
sabar,-2
yaaa,-4
sdikit,-4
debat,-3
kda,-5
lamaaaaas,-4
lamas,-4
lemas,-4
kok,-1
firaun,-5
ngutang,-4
tagih,-3
papa,-1
menjajahh,-4
menjajah,-4
nyembeti,-5
beasa,-4
tipisssss,-4
setipisss,-4
ciduk,-3
slaah,-4
slah,-4
slh,-4
salh,-4
tecudik,-3
siiiihhhhh,-1
blm,-5
belum,-4
belumm,-2
gassak,-5
jkny,-1
syngnya,-3
kamalaman,-5
jauuhhhhh,-4
bohoong,-5
co,-1
cok,-1
heran,-5
klparan,-5
kalaparan,-5
myyarik,-5
zack,-5
byr,-1
bayar,-1
jaka,-2
jka,-2
menkuni,-3
tebuat,-3
ajaa,-4
ha,-3
ja,-3
jaa,-5
mental,-5
benah,-5
kaah,-4
hujan,-4
musim,-4
mhdg,-2
tesunyi,-5
keteter,-5
musang,-5
sdkit,-5
mehdangi,-2
mahadang,-2
mahadangi,-2
mhdanh,-2
mhdngi,-2
mhdgi,-2
mehadanginya,-5
mehadangi,-5
hampir,-1
tmbk,-5
grang,-5
dikomplen,-5
pulang,-5
kulkas,-5
haluan,-5
kolam,-5
mancing,-2
kira,-3
katam,-3
tanam,-3
bina,-5
tinggal,-5
x,-5
skip,-5
terlalu,-5
allah,-3
rupa,-5
cancel,-5
swat,-5
kelahi,-5
lewat,-5
pina,-2
prepare,-5
bdhulu,-5
duluuu,-5
ganti,-5
salfok,-5
lambung,-3
sangkaya,-5
tuhh,-2
pandak,-5
gelas,-5
ashar,-4
macet,-5
mantan,-3
kandang,-3
bekal,-4
soal,-4
hxar,-4
tak,-5
serba,-5
endwul,-1
bawah,-4
kesasar,-5
mbawa,-5
mbwa,-5
rumah,-2
kisik,-4
kstu,-4
hnyar,-5
iroh,-5
teguring,-3
guring,-3
mending,-4
topppp,-4
kkytu,-2
bebanam,-2
terminal,-5
basah,-3
lalat,-5
mun,-3
binjau,-5
sekira,-5
pelopor,-5
mandi,-3
keluh,-5
lucut,-5
zonk,-5
yaallah,-3
dprd,-5
tangkap,-5
hirangnya,-5
bedulakan,-5
moduss,-5
besisaa,-4
padlan,-5
gabisa,-3
gakbisa,-3
kuranng,-5
kalo,-3
klo,-3
eneg,-4
pucet,-4
diabetes,-5
eww,-5
over,-4
gula,-4
bgl,-5
parai,-3
minyak,-5
manis,-4
kemanisan,-5
luuaaaamaaaa,-5
blum,-4
